Cell;Band(MHz);Date;Data_Volume
cell0001;1800;2019-01-01;9402864.66083985
cell0001;1800;2019-01-02;3226008.307690434
cell0001;1800;2019-01-03;5870039.126062016
cell0001;1800;2019-01-04;6510932.395544439
cell0001;1800;2019-01-05;7400789.222009281
cell0001;1800;2019-01-06;12455507.57233887
cell0001;1800;2019-01-07;11982297.64699708
cell0001;1800;2019-01-08;14093745.01483155
cell0001;1800;2019-01-09;17832208.75665284
cell0001;1800;2019-01-10;11628467.74561768
cell0001;1800;2019-01-11;12661775.39606933
cell0001;1800;2019-01-12;7631385.614599613
cell0001;1800;2019-01-13;10667327.75574953
cell0001;1800;2019-01-14;15558901.60417483
cell0001;1800;2019-01-15;18703265.29873049
cell0001;1800;2019-01-16;14693561.89359131
cell0001;1800;2019-01-17;21455306.99929201
cell0001;1800;2019-01-18;19615495.78183594
cell0001;1800;2019-01-19;12270431.35515138
cell0001;1800;2019-01-20;18654959.79592286
cell0001;1800;2019-01-21;17112674.50415041
cell0001;1800;2019-01-22;20165189.34520266
cell0001;1800;2019-01-23;19401399.10056153
cell0001;1800;2019-01-24;19096675.11112062
cell0001;1800;2019-01-25;19588363.99211427
cell0001;1800;2019-01-26;8872770.232812513
cell0001;1800;2019-01-27;16560539.75716554
cell0001;1800;2019-01-28;16638548.61423342
cell0001;1800;2019-01-29;11162489.19373781
cell0001;1800;2019-01-30;17594660.0446045
cell0001;1800;2019-01-31;16162911.58675538
cell0001;1800;2019-02-01;17659808.17309573
cell0001;1800;2019-02-02;9179085.69256592
cell0001;1800;2019-02-03;9994544.626318362
cell0001;1800;2019-02-04;16366106.64466554
cell0001;1800;2019-02-05;13689626.49641114
cell0001;1800;2019-02-06;21955653.42432864
cell0001;1800;2019-02-07;17412389.05751954
cell0001;1800;2019-02-08;15573069.94584962
cell0001;1800;2019-02-09;7722501.89562989
cell0001;1800;2019-02-10;9795401.659423834
cell0001;1800;2019-02-11;16614633.41307373
cell0001;1800;2019-02-12;22787019.33247072
cell0001;1800;2019-02-13;18894123.69810791
cell0001;1800;2019-02-14;23226574.52655031
cell0001;1800;2019-02-15;19603580.90664064
cell0001;1800;2019-02-16;9709281.105725108
cell0001;1800;2019-02-17;15138953.07177735
cell0001;1800;2019-02-18;21348085.03299562
cell0001;1800;2019-02-19;23243205.10708009
cell0001;1800;2019-02-20;18134644.63681642
cell0001;1800;2019-02-21;18797090.41882325
cell0001;1800;2019-02-22;17763201.08255617
cell0001;1800;2019-02-23;11846982.68812257
cell0001;1800;2019-02-24;18019172.90091554
cell0001;1800;2019-02-25;17120194.72852784
cell0001;1800;2019-02-26;19881525.08037112
cell0001;1800;2019-02-27;21591210.85489502
cell0001;1800;2019-02-28;19050604.76529541
cell0001;1800;2019-03-01;18469547.6155884
cell0001;1800;2019-03-02;6068307.167639164
cell0001;1800;2019-03-03;18489745.11621095
cell0001;1800;2019-03-04;2940761.252990725
cell0001;1800;2019-03-05;8496518.337475592
cell0001;1800;2019-03-06;11401384.79315186
cell0001;1800;2019-03-07;16649983.04597169
cell0001;1800;2019-03-08;13270369.54410402
cell0001;1800;2019-03-09;5439884.183642581
cell0001;1800;2019-03-10;9716897.728320317
cell0001;1800;2019-03-11;14636084.78005373
cell0001;1800;2019-03-12;15466758.63621827
cell0001;1800;2019-03-13;17774838.93736573
cell0001;1800;2019-03-14;21681848.83544924
cell0001;1800;2019-03-15;15106925.74232178
cell0001;1800;2019-03-16;6850042.79482422
cell0001;1800;2019-03-17;7738682.558813485
cell0001;1800;2019-03-18;13424811.33259279
cell0001;1800;2019-03-19;16388364.8768921
cell0001;1800;2019-03-20;17961973.8871216
cell0001;1800;2019-03-21;19101914.70498046
cell0001;1800;2019-03-22;18610399.63955081
cell0001;1800;2019-03-23;11386683.37617188
cell0001;1800;2019-03-24;11452215.25875245
cell0001;1800;2019-03-25;19399961.70960693
cell0001;1800;2019-03-26;24388324.91652833
cell0001;1800;2019-03-27;22641484.47652589
cell0001;1800;2019-03-28;18665024.63994141
cell0001;1800;2019-03-29;16453614.35799561
cell0001;1800;2019-03-30;10544291.76323243
cell0001;1800;2019-03-31;8078832.720837405
cell0001;1800;2019-04-01;15154499.07886965
cell0001;1800;2019-04-02;19909134.96097413
cell0001;1800;2019-04-03;23246567.32711184
cell0001;1800;2019-04-04;26835127.25405274
cell0001;1800;2019-04-05;19314506.70976564
cell0001;1800;2019-04-06;10552720.71271973
cell0001;1800;2019-04-07;9871075.151965335
cell0001;1800;2019-04-08;21603871.16379395
cell0001;1800;2019-04-09;23247130.27475588
cell0001;1800;2019-04-10;23735440.79608156
cell0001;1800;2019-04-11;23620689.91153567
cell0001;1800;2019-04-12;24940370.42326661
cell0001;1800;2019-04-13;9220131.848620612
cell0001;1800;2019-04-14;14302276.58521729
cell0001;1800;2019-04-15;24073879.29093019
cell0001;1800;2019-04-16;22718438.30938722
cell0001;1800;2019-04-17;22916048.2581299
cell0001;1800;2019-04-18;8873596.343005374
cell0001;1800;2019-04-19;9523914.25545655
cell0001;1800;2019-04-20;8420313.403991705
cell0001;1800;2019-04-21;19357940.29897461
cell0001;1800;2019-04-22;23728341.14973146
cell0001;1800;2019-04-23;24813391.39783938
cell0001;1800;2019-04-24;27203847.67995606
cell0001;1800;2019-04-25;27021653.13701174
cell0001;1800;2019-04-26;27602217.15501711
cell0001;1800;2019-04-27;11926105.67041016
cell0001;1800;2019-04-28;12918865.8506592
cell0001;1800;2019-04-29;23729345.76602785
cell0001;1800;2019-04-30;24432157.09589845
cell0001;1800;2019-05-01;16328862.55598145
cell0001;1800;2019-05-02;25417027.45368653
cell0001;1800;2019-05-03;21320998.14537355
cell0001;1800;2019-05-04;13238525.52902832
cell0001;1800;2019-05-05;16162527.43162844
cell0001;1800;2019-05-06;18620449.6234253
cell0001;1800;2019-05-07;23079202.73320315
cell0001;1800;2019-05-08;24315071.81104738
cell0001;1800;2019-05-09;24363794.13535158
cell0001;1800;2019-05-10;20270725.41030276
cell0001;1800;2019-05-11;11623037.94730225
cell0001;1800;2019-05-12;15741100.02312013
cell0001;1800;2019-05-13;22018793.64053957
cell0001;1800;2019-05-14;21558735.64924318
cell0001;1800;2019-05-15;24744456.10053713
cell0001;1800;2019-05-16;26405233.12674562
cell0001;1800;2019-05-17;17408285.10311281
cell0001;1800;2019-05-18;11909323.79744874
cell0001;1800;2019-05-19;15682217.82934573
cell0001;1800;2019-05-20;27446433.78813479
cell0001;1800;2019-05-21;23440962.74583744
cell0001;1800;2019-05-22;18997150.50498049
cell0001;1800;2019-05-23;27520122.23897705
cell0001;1800;2019-05-24;23621588.23259281
cell0001;1800;2019-05-25;11577067.07674561
cell0001;1800;2019-05-26;18176589.88165283
cell0001;1800;2019-05-27;23606918.34721681
cell0001;1800;2019-05-28;23877992.06920167
cell0001;1800;2019-05-29;25780050.5020752
cell0001;1800;2019-05-30;24801504.70421144
cell0001;1800;2019-05-31;23564816.48414309
cell0001;1800;2019-06-01;10255122.70209962
cell0001;1800;2019-06-02;12095963.46354982
cell0001;1800;2019-06-03;24861629.79976808
cell0001;1800;2019-06-04;22607670.84841309
cell0001;1800;2019-06-05;22688707.86496584
cell0001;1800;2019-06-06;23116268.45435793
cell0001;1800;2019-06-07;21329021.21545412
cell0001;1800;2019-06-08;5920653.899133306
cell0001;1800;2019-06-09;11319989.38819581
cell0001;1800;2019-06-10;18740750.85048828
cell0001;1800;2019-06-11;11828277.52170411
cell0001;1800;2019-06-12;19639917.67421877
cell0001;1800;2019-06-13;19025638.96519777
cell0001;1800;2019-06-14;26517089.41976321
cell0001;1800;2019-06-15;15834840.57623293
cell0001;1800;2019-06-16;12335512.52119142
cell0001;1800;2019-06-17;23129866.70668948
cell0001;1800;2019-06-18;22549278.94533692
cell0001;1800;2019-06-19;23147329.18385011
cell0001;1800;2019-06-20;8336684.110107424
cell0001;1800;2019-06-21;7183705.983520513
cell0001;1800;2019-06-22;10630077.59018555
cell0001;1800;2019-06-23;10385653.40136719
cell0001;1800;2019-06-24;19953576.36293945
cell0001;1800;2019-06-25;27732528.24304201
cell0001;1800;2019-06-26;28428330.11165773
cell0001;1800;2019-06-27;26891646.38192141
cell0001;1800;2019-06-28;26351266.02921143
cell0001;1800;2019-06-29;16769687.02521973
cell0001;1800;2019-06-30;21670072.7449341
cell0001;1800;2019-07-01;22956153.16783451
cell0001;1800;2019-07-02;28959265.44442141
cell0001;1800;2019-07-03;28185574.83074951
cell0001;1800;2019-07-04;27070051.60795899
cell0001;1800;2019-07-05;25223834.92607421
cell0001;1800;2019-07-06;8418882.697167974
cell0001;1800;2019-07-07;9580679.260742197
cell0001;1800;2019-07-08;6516963.593823245
cell0001;1800;2019-07-09;8400226.181494152
cell0001;1800;2019-07-10;21698699.49814453
cell0001;1800;2019-07-11;21466069.76037597
cell0001;1800;2019-07-12;22414062.03204346
cell0001;1800;2019-07-13;8498102.923864756
cell0001;1800;2019-07-14;13400101.69655762
cell0001;1800;2019-07-15;27890797.70174562
cell0001;1800;2019-07-16;33925032.48009035
cell0001;1800;2019-07-17;30370529.19578858
cell0001;1800;2019-07-18;26860150.76447755
cell0001;1800;2019-07-19;24674665.75479737
cell0001;1800;2019-07-20;9069189.199987803
cell0001;1800;2019-07-21;20968840.30289309
cell0001;1800;2019-07-22;24714212.91530764
cell0001;1800;2019-07-23;36947263.14655764
cell0001;1800;2019-07-24;26423484.21925049
cell0001;1800;2019-07-25;30117816.0867798
cell0001;1800;2019-07-26;23452422.08647463
cell0001;1800;2019-07-27;15746895.99171143
cell0001;1800;2019-07-28;19507408.41700442
cell0001;1800;2019-07-29;28662530.00340578
cell0001;1800;2019-07-30;25644240.11730958
cell0001;1800;2019-07-31;25897147.45712892
cell0001;1800;2019-08-01;25704682.59548342
cell0001;1800;2019-08-02;27478213.83394776
cell0001;1800;2019-08-03;9653735.758178718
cell0001;1800;2019-08-04;15994992.33745118
cell0001;1800;2019-08-05;31606014.14984132
cell0001;1800;2019-08-06;28655010.86556397
cell0001;1800;2019-08-07;24398856.5255005
cell0001;1800;2019-08-08;28384708.16501467
cell0001;1800;2019-08-09;28055399.90150149
cell0001;1800;2019-08-10;12510761.44144289
cell0001;1800;2019-08-11;14242357.95167237
cell0001;1800;2019-08-12;26131995.17005617
cell0001;1800;2019-08-13;30583694.39735107
cell0001;1800;2019-08-14;31923413.73742679
cell0001;1800;2019-08-15;9691519.86779786
cell0001;1800;2019-08-16;23111113.78656007
cell0001;1800;2019-08-17;7272415.532080078
cell0001;1800;2019-08-18;14434629.48151856
cell0001;1800;2019-08-19;29063921.09731448
cell0001;1800;2019-08-20;34131383.53430177
cell0001;1800;2019-08-21;32388205.02456056
cell0001;1800;2019-08-22;28476143.05887453
cell0001;1800;2019-08-23;27027492.35468753
cell0001;1800;2019-08-24;10121539.29799805
cell0001;1800;2019-08-25;17149326.36101076
cell0001;1800;2019-08-26;27762381.64256594
cell0001;1800;2019-08-27;28898170.96633304
cell0001;1800;2019-08-28;28408345.59733888
cell0001;1800;2019-08-29;33292838.98292238
cell0001;1800;2019-08-30;30830379.27972414
cell0001;1800;2019-08-31;13446758.91719971
cell0001;1800;2019-09-01;16722439.1536377
cell0001;1800;2019-09-02;26809118.59643557
cell0001;1800;2019-09-03;28457383.37380374
cell0001;1800;2019-09-04;28671188.06479493
cell0001;1800;2019-09-05;33713967.4444092
cell0001;1800;2019-09-06;26005142.42416995
cell0001;1800;2019-09-07;16505738.60718995
cell0001;1800;2019-09-08;18106630.64821779
cell0001;1800;2019-09-09;26196484.44605714
cell0001;1800;2019-09-10;26649882.48975831
cell0001;1800;2019-09-11;35311478.89013675
cell0001;1800;2019-09-12;34019484.95595705
cell0001;1800;2019-09-13;28071901.83773194
cell0001;1800;2019-09-14;12157952.99051514
cell0001;1800;2019-09-15;17098219.51762696
cell0001;1800;2019-09-16;26881248.06191408
cell0001;1800;2019-09-17;25307891.26904299
cell0001;1800;2019-09-18;32182383.568042
cell0001;1800;2019-09-19;29425148.39570315
cell0001;1800;2019-09-20;26458381.08453371
cell0001;1800;2019-09-21;18668745.91156008
cell0001;1800;2019-09-22;24909461.5539673
cell0001;1800;2019-09-23;31725443.81202396
cell0001;1800;2019-09-24;32928724.53837891
cell0001;1800;2019-09-25;34410889.54321291
cell0001;1800;2019-09-26;30637955.80147707
cell0001;1800;2019-09-27;30204157.27908937
cell0001;1800;2019-09-28;11717884.82182619
cell0001;1800;2019-09-29;23397966.43542482
cell0001;1800;2019-09-30;27952555.12247317
cell0001;1800;2019-10-01;27442197.923584
cell0001;1800;2019-10-02;31352933.5223999
cell0001;1800;2019-10-03;28510816.2018799
cell0001;1800;2019-10-04;28846180.46870119
cell0001;1800;2019-10-05;15872611.56787111
cell0001;1800;2019-10-06;20397799.02292482
cell0001;1800;2019-10-07;32387510.24986574
cell0001;1800;2019-10-08;30182976.87231447
cell0001;1800;2019-10-09;33472333.5725586
cell0001;1800;2019-10-10;31209058.04813233
cell0001;1800;2019-10-11;30222172.32707519
cell0001;1800;2019-10-12;15403408.95767824
cell0001;1800;2019-10-13;13404747.83032228
cell0001;1800;2019-10-14;27269457.05382082
cell0001;1800;2019-10-15;26824609.8694092
cell0001;1800;2019-10-16;34116487.72185062
cell0001;1800;2019-10-17;32470064.14108888
cell0001;1800;2019-10-18;31054549.52979739
cell0001;1800;2019-10-19;17220761.77365724
cell0001;1800;2019-10-20;21641741.36287843
cell0001;1800;2019-10-21;28973584.28081055
cell0001;1800;2019-10-22;32086612.0116333
cell0001;1800;2019-10-23;26150913.52656252
cell0001;1800;2019-10-24;31732256.88945314
cell0001;1800;2019-10-25;29072345.33139649
cell0001;1800;2019-10-26;13774846.13427735
cell0001;1800;2019-10-27;15985243.77781984
cell0001;1800;2019-10-28;14899262.3534668
cell0001;1800;2019-10-29;30973160.96917728
cell0001;1800;2019-10-30;29317244.69558107
cell0001;1800;2019-10-31;30860812.79237061
cell0001;1800;2019-11-01;29667989.12108155
cell0001;1800;2019-11-02;15559498.43839112
cell0001;1800;2019-11-03;22458653.85955812
cell0001;1800;2019-11-04;27515518.38168947
cell0001;1800;2019-11-05;28698311.43314211
cell0001;1800;2019-11-06;31433680.74726564
cell0001;1800;2019-11-07;33054845.16785891
cell0001;1800;2019-11-08;33649608.87923586
cell0001;1800;2019-11-09;13435740.82061769
cell0001;1800;2019-11-10;15315344.3860718
cell0001;1800;2019-11-11;26157297.42521974
cell0001;1800;2019-11-12;26810789.45019533
cell0001;1800;2019-11-13;27661754.44390869
cell0001;1800;2019-11-14;24386873.90487063
cell0001;1800;2019-11-15;11825285.37005617
cell0001;1800;2019-11-16;22325812.8610718
cell0001;1800;2019-11-17;15355156.45736084
cell0001;1800;2019-11-18;25397580.33714601
cell0001;1800;2019-11-19;29439640.81085207
cell0001;1800;2019-11-20;9621679.504528817
cell0001;1800;2019-11-21;28201094.85174562
cell0001;1800;2019-11-22;28531095.60751955
cell0001;1800;2019-11-23;16422827.3039795
cell0001;1800;2019-11-24;8919722.155725103
cell0001;1800;2019-11-25;26576868.92479248
cell0001;1800;2019-11-26;20454010.16391603
cell0001;1800;2019-11-27;28160605.36757813
cell0001;1800;2019-11-28;26845172.26025393
cell0001;1800;2019-11-29;27920894.98945314
cell0001;1800;2019-11-30;16087773.12812501
cell0001;1800;2019-12-01;28715867.9636353
cell0001;1800;2019-12-02;26598682.27229005
cell0001;1800;2019-12-03;29179040.47832033
cell0001;1800;2019-12-04;34133828.0105347
cell0001;1800;2019-12-05;28603615.70506593
cell0001;1800;2019-12-06;29072538.72000736
cell0001;1800;2019-12-07;17928472.1553711
cell0001;1800;2019-12-08;18701440.39732667
cell0001;1800;2019-12-09;34729193.83110355
cell0001;1800;2019-12-10;33386411.00992432
cell0001;1800;2019-12-11;23700297.33580324
cell0001;1800;2019-12-12;18345393.15704346
cell0001;1800;2019-12-13;25309232.32258302
cell0001;1800;2019-12-14;10802381.36132813
cell0001;1800;2019-12-15;22217940.27156984
cell0001;1800;2019-12-16;25078485.19575196
cell0001;1800;2019-12-17;28964031.34750979
cell0001;1800;2019-12-18;35130980.73260499
cell0001;1800;2019-12-19;27072472.51773684
cell0001;1800;2019-12-20;12061550.63900148
cell0001;1800;2019-12-21;10432029.96668702
cell0001;1800;2019-12-22;15277725.95922852
cell0001;1800;2019-12-23;10215451.80278321
cell0001;1800;2019-12-24;3791664.711828617
cell0001;1800;2019-12-25;6098847.820349127
cell0001;1800;2019-12-26;8818818.116467295
cell0001;1800;2019-12-27;10232031.83277589
cell0001;1800;2019-12-28;9358741.436718753
cell0001;1800;2019-12-29;18031478.04595949
cell0001;1800;2019-12-30;7103852.71848145
cell0001;1800;2019-12-31;10480197.86314698
cell0001;1800;2020-01-01;20473941.68338625
cell0001;1800;2020-01-02;7315168.087573249
cell0001;1800;2020-01-03;7298034.971557622
cell0001;1800;2020-01-04;7509880.513623051
cell0001;1800;2020-01-05;15896320.24256592
cell0001;1800;2020-01-06;8088048.843652343
cell0001;1800;2020-01-07;21530593.15048829
cell0001;1800;2020-01-08;23957546.45278322
cell0001;1800;2020-01-09;25299096.97537844
cell0001;1800;2020-01-10;26097550.98420413
cell0001;1800;2020-01-11;11308274.77377931
cell0001;1800;2020-01-12;21730787.70507813
cell0001;1800;2020-01-13;23494311.55375977
cell0001;1800;2020-01-14;23141006.4072754
cell0001;1800;2020-01-15;26316418.86585695
cell0001;1800;2020-01-16;21498648.26533204
cell0001;1800;2020-01-17;26239770.43702394
cell0001;1800;2020-01-18;18305678.37651367
cell0001;1800;2020-01-19;28194543.06693117
cell0001;1800;2020-01-20;24623888.78627931
cell0001;1800;2020-01-21;25301764.45793458
cell0001;1800;2020-01-22;21968397.55202638
cell0001;1800;2020-01-23;20521938.17500002
cell0001;1800;2020-01-24;24941847.98507081
cell0001;1800;2020-01-25;20016187.1697754
cell0001;1800;2020-01-26;26779464.61114503
cell0001;1800;2020-01-27;25616315.44893799
cell0001;1800;2020-01-28;34698897.16033938
cell0001;1800;2020-01-29;23412339.65845949
cell0001;1800;2020-01-30;25244258.5708252
cell0001;1800;2020-01-31;25044855.85311281
cell0001;1800;2020-02-01;13253246.78197022
cell0001;1800;2020-02-02;17637253.26068117
cell0001;1800;2020-02-03;27617572.33167727
cell0001;1800;2020-02-04;22722828.8949341
cell0001;1800;2020-02-05;23592464.37105715
cell0001;1800;2020-02-06;22173794.92484133
cell0001;1800;2020-02-07;22419187.90362552
cell0001;1800;2020-02-08;14594831.92109376
cell0001;1800;2020-02-09;23945336.2265137
cell0001;1800;2020-02-10;26046276.25563966
cell0001;1800;2020-02-11;24705261.02232666
cell0001;1800;2020-02-12;26116192.93634034
cell0001;1800;2020-02-13;33158953.04324953
cell0001;1800;2020-02-14;23440510.54910888
cell0001;1800;2020-02-15;12940024.8640503
cell0001;1800;2020-02-16;24171907.82492676
cell0001;1800;2020-02-17;35286082.36992188
cell0001;1800;2020-02-18;28229884.84023438
cell0001;1800;2020-02-19;28336809.94862062
cell0001;1800;2020-02-20;28967237.99134523
cell0001;1800;2020-02-21;29437538.33737796
cell0001;1800;2020-02-22;16049902.6055298
cell0001;1800;2020-02-23;19808765.47836915
cell0001;1800;2020-02-24;5283120.1260376
cell0001;1800;2020-02-25;4596501.332629399
cell0001;1800;2020-02-26;18284945.05515139
cell0001;1800;2020-02-27;27153011.12248537
cell0001;1800;2020-02-28;28150488.71298831
cell0001;1800;2020-02-29;15103537.64428712
cell0001;1800;2020-03-01;17914661.70592042
cell0001;1800;2020-03-02;26391431.63668214
cell0001;1800;2020-03-03;36313895.73508301
cell0001;1800;2020-03-04;33442340.3207886
cell0001;1800;2020-03-05;30006025.07084963
cell0001;1800;2020-03-06;27297172.4265381
cell0001;1800;2020-03-07;8979190.299011236
cell0001;1800;2020-03-08;18020438.85510254
cell0001;1800;2020-03-09;27385063.31578369
cell0001;1800;2020-03-10;27633842.35227053
cell0001;1800;2020-03-11;27304413.76253663
cell0001;1800;2020-03-12;32533422.43911135
cell0001;1800;2020-03-13;24895773.88427737
cell0001;1800;2020-03-14;9741994.976635743
cell0001;1800;2020-03-15;16797672.89871828
cell0001;1800;2020-03-16;22432095.17204592
cell0001;1800;2020-03-17;18242015.06949465
cell0001;1800;2020-03-18;14844393.88808596
cell0001;1800;2020-03-19;9924659.161950702
cell0001;1800;2020-03-20;10746905.95073242
cell0001;1800;2020-03-21;7682965.816577153
cell0001;1800;2020-03-22;7230386.97526856
cell0001;1800;2020-03-23;8234211.884240729
cell0001;1800;2020-03-24;11161136.14577637
cell0001;1800;2020-03-25;11166952.34257813
cell0001;1800;2020-03-26;10003780.16877442
cell0001;1800;2020-03-27;10195612.77767335
cell0001;1800;2020-03-28;9237374.492260749
cell0001;1800;2020-03-29;13007119.77512208
cell0001;1800;2020-03-30;13148417.47552492
cell0001;1800;2020-03-31;12951066.98098145
cell0001;1800;2020-04-01;9939341.270703131
cell0001;1800;2020-04-02;11844428.51538088
cell0001;1800;2020-04-03;12716376.08764649
cell0001;1800;2020-04-04;10951151.31688233
cell0001;1800;2020-04-05;9013783.679272471
cell0001;1800;2020-04-06;14340775.01914064
cell0001;1800;2020-04-07;18331255.93507081
cell0001;1800;2020-04-08;16855314.32043458
cell0001;1800;2020-04-09;15450178.26978762
cell0001;1800;2020-04-10;13539446.92005615
cell0001;1800;2020-04-11;12506081.26832277
cell0001;1800;2020-04-12;17732965.26655276
cell0001;1800;2020-04-13;16910573.1220215
cell0001;1800;2020-04-14;14782332.77158205
cell0001;1800;2020-04-15;15711698.05709229
cell0001;1800;2020-04-16;15320229.94166262
cell0001;1800;2020-04-17;10846368.09975587
cell0001;1800;2020-04-18;8942568.232543947
cell0001;1800;2020-04-19;13641562.23724366
cell0001;1800;2020-04-20;9851502.510424813
cell0001;1800;2020-04-21;9053751.581884772
cell0001;1800;2020-04-22;14097477.31933594
cell0001;1800;2020-04-23;13431085.86032716
cell0001;1800;2020-04-24;14305848.3527466
cell0001;1800;2020-04-25;13531151.90274659
cell0001;1800;2020-04-26;10261560.46682129
cell0001;1800;2020-04-27;13925176.92279053
cell0001;1800;2020-04-28;13048631.10028077
cell0001;1800;2020-04-29;8998567.356811529
cell0001;1800;2020-04-30;10916211.43565675
cell0001;1800;2020-05-01;12152271.90891115
cell0001;1800;2020-05-02;7750356.068054204
cell0001;1800;2020-05-03;15836215.88138428
cell0001;1800;2020-05-04;16972977.65538331
cell0001;1800;2020-05-05;16096602.62407227
cell0001;1800;2020-05-06;11526789.77940674
cell0001;1800;2020-05-07;13651922.20714113
cell0001;1800;2020-05-08;9518505.094482427
cell0001;1800;2020-05-09;7345225.367712406
cell0001;1800;2020-05-10;8287101.833251958
cell0001;1800;2020-05-11;10919461.33229982
cell0001;1800;2020-05-12;14689307.89104004
cell0001;1800;2020-05-13;12014489.21770021
cell0001;1800;2020-05-14;15557134.53297121
cell0001;1800;2020-05-15;10952604.26309815
cell0001;1800;2020-05-16;10626140.08188478
cell0001;1800;2020-05-17;10281267.71683351
cell0001;1800;2020-05-18;15148111.12945557
cell0001;1800;2020-05-19;13192123.74995118
cell0001;1800;2020-05-20;12375903.80358888
cell0001;1800;2020-05-21;10481520.5281128
cell0001;1800;2020-05-22;13120182.14896242
cell0001;1800;2020-05-23;10482557.96798096
cell0001;1800;2020-05-24;10612616.53085938
cell0001;1800;2020-05-25;14228025.47089846
cell0001;1800;2020-05-26;15736836.07175294
cell0001;1800;2020-05-27;14180204.98430177
cell0001;1800;2020-05-28;19965442.01169435
cell0001;1800;2020-05-29;13422301.54932862
cell0001;1800;2020-05-30;11358937.53790283
cell0001;1800;2020-05-31;10700503.48145753
cell0001;1800;2020-06-01;17272973.11579592
cell0001;1800;2020-06-02;16111444.42468263
cell0001;1800;2020-06-03;18755365.04073487
cell0001;1800;2020-06-04;13520234.68356934
cell0001;1800;2020-06-05;10277640.44799805
cell0001;1800;2020-06-06;9003600.243518066
cell0001;1800;2020-06-07;7030088.571862798
cell0001;1800;2020-06-08;14513822.59675295
cell0001;1800;2020-06-09;16770678.86517336
cell0001;1800;2020-06-10;11960541.73056641
cell0001;1800;2020-06-11;5616499.062585454
cell0001;1800;2020-06-12;11037173.21771241
cell0001;1800;2020-06-13;7598599.584899907
cell0001;1800;2020-06-14;7446327.393981937
cell0001;1800;2020-06-15;13630592.19072266
cell0001;1800;2020-06-16;13368699.97060547
cell0001;1800;2020-06-17;14067660.07785646
cell0001;1800;2020-06-18;14777777.2522217
cell0001;1800;2020-06-19;11689031.72347414
cell0001;1800;2020-06-20;6795809.268481454
cell0001;1800;2020-06-21;7014670.205590826
cell0001;1800;2020-06-22;11683342.41159669
cell0001;1800;2020-06-23;17576080.81925049
cell0001;1800;2020-06-24;13272829.42292481
cell0001;1800;2020-06-25;15541146.3772339
cell0001;1800;2020-06-26;16359323.32530519
cell0001;1800;2020-06-27;9067982.749694835
cell0001;1800;2020-06-28;10588572.90773927
cell0001;1800;2020-06-29;16683755.36628419
cell0001;1800;2020-06-30;12426746.39815675
cell0001;1800;2020-07-01;14961388.15302735
cell0001;1800;2020-07-02;15937408.8640259
cell0001;1800;2020-07-03;11357783.57697755
cell0001;1800;2020-07-04;9942725.822290044
cell0001;1800;2020-07-05;25339289.50124514
cell0001;1800;2020-07-06;28867722.28996585
cell0001;1800;2020-07-07;29838211.26646731
cell0001;1800;2020-07-08;33565088.14852299
cell0001;1800;2020-07-09;32825035.20557863
cell0001;1800;2020-07-10;28429398.98395998
cell0001;1800;2020-07-11;27408747.54432374
cell0001;1800;2020-07-12;25611407.59492189
cell0001;1800;2020-07-13;36107010.04254153
cell0001;1800;2020-07-14;32143112.27150881
cell0001;1800;2020-07-15;31426082.74451906
cell0001;1800;2020-07-16;25965723.65606692
cell0001;1800;2020-07-17;27083206.97346193
cell0001;1800;2020-07-18;19091908.50966797
cell0001;1800;2020-07-19;27491396.80748294
cell0001;1800;2020-07-20;23412489.03465579
cell0001;1800;2020-07-21;23231055.26011965
cell0001;1800;2020-07-22;35525261.56329351
cell0001;1800;2020-07-23;23891900.69831543
cell0001;1800;2020-07-24;25236287.10380863
cell0001;1800;2020-07-25;18677170.87812501
cell0001;1800;2020-07-26;21080943.06923831
cell0001;1800;2020-07-27;24760786.13975833
cell0001;1800;2020-07-28;27016950.91204837
cell0001;1800;2020-07-29;25377224.27751468
cell0012;1800;2019-01-01;66470097.34985352
cell0012;1800;2019-01-02;55697640.710376
cell0012;1800;2019-01-03;65086020.82777102
cell0012;1800;2019-01-04;62209800.17408451
cell0012;1800;2019-01-05;56614324.74938966
cell0012;1800;2019-01-06;66618531.24460452
cell0012;1800;2019-01-07;66298544.82237551
cell0012;1800;2019-01-08;67414446.26353765
cell0012;1800;2019-01-09;74571535.40803225
cell0012;1800;2019-01-10;61816702.00240481
cell0012;1800;2019-01-11;62106795.61872559
cell0012;1800;2019-01-12;67875844.34982914
cell0012;1800;2019-01-13;28466413.50471193
cell0012;1800;2019-01-14;30225091.13076173
cell0012;1800;2019-01-15;32126174.1367798
cell0012;1800;2019-01-16;29805265.45472413
cell0012;1800;2019-01-17;33595934.52700197
cell0012;1800;2019-01-18;35082091.48531498
cell0012;1800;2019-01-19;37796729.07438967
cell0012;1800;2019-01-20;31711791.73040774
cell0012;1800;2019-01-21;29030614.21530762
cell0012;1800;2019-01-22;30652915.13931884
cell0012;1800;2019-01-23;32751564.42038575
cell0012;1800;2019-01-24;32860981.03214114
cell0012;1800;2019-01-25;41036003.56190187
cell0012;1800;2019-01-26;36151616.84426273
cell0012;1800;2019-01-27;34204628.52614749
cell0012;1800;2019-01-28;31619136.40686037
cell0012;1800;2019-01-29;20161967.66258546
cell0012;1800;2019-01-30;33454474.04073486
cell0012;1800;2019-01-31;34523018.62628175
cell0012;1800;2019-02-01;34073923.77116702
cell0012;1800;2019-02-02;35363417.33614507
cell0012;1800;2019-02-03;39613209.26032718
cell0012;1800;2019-02-04;32574174.79387211
cell0012;1800;2019-02-05;29395854.97130128
cell0012;1800;2019-02-06;36567925.77305912
cell0012;1800;2019-02-07;37283610.84858401
cell0012;1800;2019-02-08;38700773.94219972
cell0012;1800;2019-02-09;38650500.17604982
cell0012;1800;2019-02-10;30597524.28736575
cell0012;1800;2019-02-11;75444635.77830814
cell0012;1800;2019-02-12;63207446.88116457
cell0012;1800;2019-02-13;61934194.54654542
cell0012;1800;2019-02-14;68719645.27906497
cell0012;1800;2019-02-15;65019465.29676517
cell0012;1800;2019-02-16;67126259.22225344
cell0012;1800;2019-02-17;58425087.51207278
cell0012;1800;2019-02-18;59321247.60169678
cell0012;1800;2019-02-19;60995905.07431643
cell0012;1800;2019-02-20;69201350.16545415
cell0012;1800;2019-02-21;59020574.52180179
cell0012;1800;2019-02-22;59711084.60679934
cell0012;1800;2019-02-23;65536361.96223147
cell0012;1800;2019-02-24;65921692.4239136
cell0012;1800;2019-02-25;63428154.45850832
cell0012;1800;2019-02-26;61253028.54019777
cell0012;1800;2019-02-27;65942835.32169193
cell0012;1800;2019-02-28;61829980.80167236
cell0012;1800;2019-03-01;64106475.89373784
cell0012;1800;2019-03-02;69531585.91462405
cell0012;1800;2019-03-03;74660526.60187991
cell0012;1800;2019-03-04;55063300.66479493
cell0012;1800;2019-03-05;52219028.76738284
cell0012;1800;2019-03-06;65270885.6985596
cell0012;1800;2019-03-07;49926028.40479737
cell0012;1800;2019-03-08;50795390.57786869
cell0012;1800;2019-03-09;61841252.3690552
cell0012;1800;2019-03-10;66445557.05996097
cell0012;1800;2019-03-11;61131642.95717776
cell0012;1800;2019-03-12;60408471.01771243
cell0012;1800;2019-03-13;52934364.18599857
cell0012;1800;2019-03-14;70648045.94434819
cell0012;1800;2019-03-15;64645406.88999026
cell0012;1800;2019-03-16;60659069.91994629
cell0012;1800;2019-03-17;62797608.90527346
cell0012;1800;2019-03-18;60908277.35705569
cell0012;1800;2019-03-19;66035852.53176272
cell0012;1800;2019-03-20;71028156.00529788
cell0012;1800;2019-03-21;73529102.45876467
cell0012;1800;2019-03-22;67056156.63133546
cell0012;1800;2019-03-23;66372687.00053714
cell0012;1800;2019-03-24;77548001.22001955
cell0012;1800;2019-03-25;69793635.73409426
cell0012;1800;2019-03-26;76651387.90526128
cell0012;1800;2019-03-27;72766442.84002689
cell0012;1800;2019-03-28;70210745.28800051
cell0012;1800;2019-03-29;68542263.26328129
cell0012;1800;2019-03-30;65980350.634021
cell0012;1800;2019-03-31;68176847.39965822
cell0012;1800;2019-04-01;75450524.34060062
cell0012;1800;2019-04-02;70504993.17778325
cell0012;1800;2019-04-03;66248888.97545168
cell0012;1800;2019-04-04;76561378.17473148
cell0012;1800;2019-04-05;70601528.99293217
cell0012;1800;2019-04-06;58583671.80501712
cell0012;1800;2019-04-07;57769905.51164554
cell0012;1800;2019-04-08;65312412.57470707
cell0012;1800;2019-04-09;64640034.94199221
cell0012;1800;2019-04-10;60221168.78457034
cell0012;1800;2019-04-11;62339228.34849857
cell0012;1800;2019-04-12;72889676.48455814
cell0012;1800;2019-04-13;79895104.1522461
cell0012;1800;2019-04-14;74528004.39899907
cell0012;1800;2019-04-15;65857474.60817876
cell0012;1800;2019-04-16;71210835.67526859
cell0012;1800;2019-04-17;77604112.99418947
cell0012;1800;2019-04-18;76996245.74522708
cell0012;1800;2019-04-19;73096379.77351075
cell0012;1800;2019-04-20;79883401.85286868
cell0012;1800;2019-04-21;77511790.46086429
cell0012;1800;2019-04-22;71470745.58173832
cell0012;1800;2019-04-23;68472457.4654175
cell0012;1800;2019-04-24;71462422.82769777
cell0012;1800;2019-04-25;71131822.4435791
cell0012;1800;2019-04-26;79944481.77977298
cell0012;1800;2019-04-27;80322963.38342287
cell0012;1800;2019-04-28;82819524.36383061
cell0012;1800;2019-04-29;71529872.1069092
cell0012;1800;2019-04-30;74993482.31746829
cell0012;1800;2019-05-01;83707034.24359134
cell0012;1800;2019-05-02;79011237.82817386
cell0012;1800;2019-05-03;79907230.53529055
cell0012;1800;2019-05-04;87220207.5221924
cell0012;1800;2019-05-05;70338204.1259644
cell0012;1800;2019-05-06;78894073.6973389
cell0012;1800;2019-05-07;76433744.20606692
cell0012;1800;2019-05-08;77870861.93300782
cell0012;1800;2019-05-09;74874685.57874759
cell0012;1800;2019-05-10;78972431.7593506
cell0012;1800;2019-05-11;75557207.93260501
cell0012;1800;2019-05-12;68937514.48056641
cell0012;1800;2019-05-13;71689160.63344732
cell0012;1800;2019-05-14;80135855.7862183
cell0012;1800;2019-05-15;81595531.13186036
cell0012;1800;2019-05-16;79226019.03680424
cell0012;1800;2019-05-17;84518774.28668216
cell0012;1800;2019-05-18;90345107.79134525
cell0012;1800;2019-05-19;89040762.79499511
cell0012;1800;2019-05-20;70919771.51398927
cell0012;1800;2019-05-21;84686917.12504886
cell0012;1800;2019-05-22;82783306.5423218
cell0012;1800;2019-05-23;73430795.22412114
cell0012;1800;2019-05-24;81018585.60629883
cell0012;1800;2019-05-25;78976324.99931642
cell0012;1800;2019-05-26;79469378.05941162
cell0012;1800;2019-05-27;70605068.27559817
cell0012;1800;2019-05-28;72101921.04641116
cell0012;1800;2019-05-29;80128563.08760987
cell0012;1800;2019-05-30;76610361.45135501
cell0012;1800;2019-05-31;79011383.48565678
cell0012;1800;2019-06-01;83907374.99487308
cell0012;1800;2019-06-02;76416942.76088873
cell0012;1800;2019-06-03;69725619.13303228
cell0012;1800;2019-06-04;72721282.71379396
cell0012;1800;2019-06-05;77146433.21297613
cell0012;1800;2019-06-06;76066006.80764163
cell0012;1800;2019-06-07;76924805.34349369
cell0012;1800;2019-06-08;83059028.4484131
cell0012;1800;2019-06-09;72282559.10384524
cell0012;1800;2019-06-10;77059294.01658937
cell0012;1800;2019-06-11;76976621.98326416
cell0012;1800;2019-06-12;70173195.31304936
cell0012;1800;2019-06-13;68784984.5670166
cell0012;1800;2019-06-14;77213870.92595218
cell0012;1800;2019-06-15;77472994.78177492
cell0012;1800;2019-06-16;87317560.67867436
cell0012;1800;2019-06-17;76351561.56500247
cell0012;1800;2019-06-18;80415673.95487061
cell0012;1800;2019-06-19;78781043.63061528
cell0012;1800;2019-06-20;80444745.41794436
cell0012;1800;2019-06-21;86595288.90390629
cell0012;1800;2019-06-22;81132159.0881348
cell0012;1800;2019-06-23;73832331.01423341
cell0012;1800;2019-06-24;80674044.09511718
cell0012;1800;2019-06-25;79692164.82502444
cell0012;1800;2019-06-26;80177313.24194342
cell0012;1800;2019-06-27;81036582.16365969
cell0012;1800;2019-06-28;86971495.13037112
cell0012;1800;2019-06-29;80734776.90455325
cell0012;1800;2019-06-30;86913009.62049563
cell0012;1800;2019-07-01;81134392.30467533
cell0012;1800;2019-07-02;83245785.77456059
cell0012;1800;2019-07-03;76534686.28414309
cell0012;1800;2019-07-04;81075612.74759524
cell0012;1800;2019-07-05;82138316.9147095
cell0012;1800;2019-07-06;77709694.18804935
cell0012;1800;2019-07-07;78462231.8558716
cell0012;1800;2019-07-08;77903969.8223511
cell0012;1800;2019-07-09;83533155.18843997
cell0012;1800;2019-07-10;86655996.62075199
cell0012;1800;2019-07-11;85108725.28522953
cell0012;1800;2019-07-12;94273282.46062015
cell0012;1800;2019-07-13;82529763.38443604
cell0012;1800;2019-07-14;86897975.60880129
cell0012;1800;2019-07-15;84371818.03178714
cell0012;1800;2019-07-16;82167926.75151369
cell0012;1800;2019-07-17;90389607.21398929
cell0012;1800;2019-07-18;84499682.92364506
cell0012;1800;2019-07-19;59138990.30366212
cell0012;1800;2019-07-20;81585141.52248538
cell0012;1800;2019-07-21;81302410.59763187
cell0012;1800;2019-07-22;89918832.39995119
cell0012;1800;2019-07-23;95077601.6335083
cell0012;1800;2019-07-24;97202597.51882327
cell0012;1800;2019-07-25;93666066.96174319
cell0012;1800;2019-07-26;94401828.11260991
cell0012;1800;2019-07-27;98742121.73549809
cell0012;1800;2019-07-28;96944677.9063843
cell0012;1800;2019-07-29;90294082.91311038
cell0012;1800;2019-07-30;97205611.12486574
cell0012;1800;2019-07-31;85057043.90413819
cell0012;1800;2019-08-01;99003941.98195802
cell0012;1800;2019-08-02;87295723.64669192
cell0012;1800;2019-08-03;87209452.8442261
cell0012;1800;2019-08-04;86890492.90518801
cell0012;1800;2019-08-05;91329767.45784916
cell0012;1800;2019-08-06;99743762.2158936
cell0012;1800;2019-08-07;102076884.1443726
cell0012;1800;2019-08-08;101338803.4301392
cell0012;1800;2019-08-09;105710667.2223511
cell0012;1800;2019-08-10;98975321.88529055
cell0012;1800;2019-08-11;102712178.4242554
cell0012;1800;2019-08-12;85285237.44223635
cell0012;1800;2019-08-13;90197783.09211427
cell0012;1800;2019-08-14;91173089.6756714
cell0012;1800;2019-08-15;89491403.4631592
cell0012;1800;2019-08-16;97789593.30849612
cell0012;1800;2019-08-17;93743907.01320802
cell0012;1800;2019-08-18;86821705.09725343
cell0012;1800;2019-08-19;97340852.27280274
cell0012;1800;2019-08-20;96737346.90981446
cell0012;1800;2019-08-21;92274250.31367187
cell0012;1800;2019-08-22;99029967.03754887
cell0012;1800;2019-08-23;98808674.06594239
cell0012;1800;2019-08-24;102820741.5383057
cell0012;1800;2019-08-25;96936430.5242676
cell0012;1800;2019-08-26;96747868.61275637
cell0012;1800;2019-08-27;96172349.15769045
cell0012;1800;2019-08-28;94489850.48641358
cell0012;1800;2019-08-29;99317923.4476685
cell0012;1800;2019-08-30;89004565.38181153
cell0012;1800;2019-08-31;93517970.36521
cell0012;1800;2019-09-01;89280769.75145265
cell0012;1800;2019-09-02;85325123.91871344
cell0012;1800;2019-09-03;94194020.97556156
cell0012;1800;2019-09-04;90314440.5487427
cell0012;1800;2019-09-05;90782625.57397464
cell0012;1800;2019-09-06;90388204.64293216
cell0012;1800;2019-09-07;98337318.33851321
cell0012;1800;2019-09-08;83782664.8031006
cell0012;1800;2019-09-09;90573503.68228762
cell0012;1800;2019-09-10;85770804.88505863
cell0012;1800;2019-09-11;89452992.78176272
cell0012;1800;2019-09-12;100503389.2923584
cell0012;1800;2019-09-13;99425621.28177492
cell0012;1800;2019-09-14;100419078.5877564
cell0012;1800;2019-09-15;100583673.9257446
cell0012;1800;2019-09-16;91050202.27824709
cell0012;1800;2019-09-17;107099711.6445557
cell0012;1800;2019-09-18;108826103.3073487
cell0012;1800;2019-09-19;103453850.7869995
cell0012;1800;2019-09-20;103446917.768689
cell0012;1800;2019-09-21;99925825.01119387
cell0012;1800;2019-09-22;102717953.5329224
cell0012;1800;2019-09-23;95099931.66157228
cell0012;1800;2019-09-24;99399230.20410158
cell0012;1800;2019-09-25;110677994.6222412
cell0012;1800;2019-09-26;107132103.4780884
cell0012;1800;2019-09-27;99412713.95146486
cell0012;1800;2019-09-28;91687414.78652346
cell0012;1800;2019-09-29;92141797.68746343
cell0012;1800;2019-09-30;85555117.66197512
cell0012;1800;2019-10-01;63460695.23682863
cell0012;1800;2019-10-02;53928060.8954224
cell0012;1800;2019-10-03;47550302.57557374
cell0012;1800;2019-10-04;48116688.27312014
cell0012;1800;2019-10-05;47642879.68883059
cell0012;1800;2019-10-06;49680067.45360108
cell0012;1800;2019-10-07;48931137.43986817
cell0012;1800;2019-10-08;49136540.11970217
cell0012;1800;2019-10-09;50727431.66533206
cell0012;1800;2019-10-10;52971349.54503175
cell0012;1800;2019-10-11;50998646.48211674
cell0012;1800;2019-10-12;50032620.66815189
cell0012;1800;2019-10-13;48991951.34542239
cell0012;1800;2019-10-14;40978516.9813843
cell0012;1800;2019-10-15;44634256.09118658
cell0012;1800;2019-10-16;45720457.71173099
cell0012;1800;2019-10-17;44570069.98697512
cell0012;1800;2019-10-18;47187084.84359135
cell0012;1800;2019-10-19;54032152.07713626
cell0012;1800;2019-10-20;44301231.22807619
cell0012;1800;2019-10-21;47784845.22956546
cell0012;1800;2019-10-22;51970918.16926271
cell0012;1800;2019-10-23;50532125.22908939
cell0012;1800;2019-10-24;51778791.3437134
cell0012;1800;2019-10-25;52321276.86375735
cell0012;1800;2019-10-26;48948159.2325806
cell0012;1800;2019-10-27;45024796.96507571
cell0012;1800;2019-10-28;50259391.80625001
cell0012;1800;2019-10-29;48324378.77991948
cell0012;1800;2019-10-30;48490667.44443363
cell0012;1800;2019-10-31;48151958.2419922
cell0012;1800;2019-11-01;53827258.12873537
cell0012;1800;2019-11-02;57006063.32119143
cell0012;1800;2019-11-03;108449555.4539917
cell0012;1800;2019-11-04;96821951.50075684
cell0012;1800;2019-11-05;69652507.20335697
cell0012;1800;2019-11-06;94740003.67010503
cell0012;1800;2019-11-07;106434862.7737915
cell0012;1800;2019-11-08;120945206.554187
cell0012;1800;2019-11-09;114986392.8070801
cell0012;1800;2019-11-10;118511876.7043701
cell0012;1800;2019-11-11;106783786.8129395
cell0012;1800;2019-11-12;119724502.1967407
cell0012;1800;2019-11-13;120043329.3925293
cell0012;1800;2019-11-14;130432151.938208
cell0012;1800;2019-11-15;133531470.4829346
cell0012;1800;2019-11-16;108960120.9664063
cell0012;1800;2019-11-17;106970398.0255493
cell0012;1800;2019-11-18;125829917.1633789
cell0012;1800;2019-11-19;117824464.8081177
cell0012;1800;2019-11-20;126077842.9208862
cell0012;1800;2019-11-21;133651155.1340943
cell0012;1800;2019-11-22;130789896.7589844
cell0012;1800;2019-11-23;123226693.770398
cell0012;1800;2019-11-24;117333844.8995118
cell0012;1800;2019-11-25;98481954.92091069
cell0012;1800;2019-11-26;100972757.873877
cell0012;1800;2019-11-27;100119636.1806152
cell0012;1800;2019-11-28;84064621.11064456
cell0012;1800;2019-11-29;92678896.55770266
cell0012;1800;2019-11-30;91422851.8938965
cell0012;1800;2019-12-01;92055209.29996341
cell0012;1800;2019-12-02;87280121.94323732
cell0012;1800;2019-12-03;88423919.02139898
cell0012;1800;2019-12-04;87312328.81652834
cell0012;1800;2019-12-05;81750568.1014527
cell0012;1800;2019-12-06;91875444.19450687
cell0012;1800;2019-12-07;92604441.04630128
cell0012;1800;2019-12-08;98613176.77861331
cell0012;1800;2019-12-09;77474496.62453616
cell0012;1800;2019-12-10;95347359.55142827
cell0012;1800;2019-12-11;89515764.79597169
cell0012;1800;2019-12-12;77633863.76931156
cell0012;1800;2019-12-13;96289841.62091067
cell0012;1800;2019-12-14;91746151.28929445
cell0012;1800;2019-12-15;77857495.89737552
cell0012;1800;2019-12-16;90564892.70001222
cell0012;1800;2019-12-17;89677533.81781009
cell0012;1800;2019-12-18;99274155.9240723
cell0012;1800;2019-12-19;115745355.1657227
cell0012;1800;2019-12-20;129180880.9108887
cell0012;1800;2019-12-21;93429360.68756105
cell0012;1800;2019-12-22;91160140.13586426
cell0012;1800;2019-12-23;94345683.29299317
cell0012;1800;2019-12-24;93480110.49753419
cell0012;1800;2019-12-25;86360833.10863037
cell0012;1800;2019-12-26;86302370.29121098
cell0012;1800;2019-12-27;93465683.18082279
cell0012;1800;2019-12-28;83580508.13498539
cell0012;1800;2019-12-29;77255878.69967043
cell0012;1800;2019-12-30;72669714.84825441
cell0012;1800;2019-12-31;83256301.50681154
cell0012;1800;2020-01-01;94562083.79722902
cell0012;1800;2020-01-02;65834433.11461186
cell0012;1800;2020-01-03;77457488.56606449
cell0012;1800;2020-01-04;78982366.49262698
cell0012;1800;2020-01-05;85569794.60297854
cell0012;1800;2020-01-06;79980864.91600344
cell0012;1800;2020-01-07;83722377.06524664
cell0012;1800;2020-01-08;88575736.85009769
cell0012;1800;2020-01-09;78784161.95621341
cell0012;1800;2020-01-10;78494055.00213626
cell0012;1800;2020-01-11;78196466.04931645
cell0012;1800;2020-01-12;76954621.92264408
cell0012;1800;2020-01-13;78086788.30312501
cell0012;1800;2020-01-14;75594844.73602293
cell0012;1800;2020-01-15;77798599.69019778
cell0012;1800;2020-01-16;89334581.159668
cell0012;1800;2020-01-17;81073224.04433596
cell0012;1800;2020-01-18;88072869.85277103
cell0012;1800;2020-01-19;87443743.34973145
cell0012;1800;2020-01-20;84767720.94978027
cell0012;1800;2020-01-21;86808408.98225099
cell0012;1800;2020-01-22;90649207.77399904
cell0012;1800;2020-01-23;88664796.02227786
cell0012;1800;2020-01-24;76811800.04122315
cell0012;1800;2020-01-25;77006949.44603273
cell0012;1800;2020-01-26;80289141.01568606
cell0012;1800;2020-01-27;77289253.75601809
cell0012;1800;2020-01-28;93693877.73579103
cell0012;1800;2020-01-29;91927572.59877934
cell0012;1800;2020-01-30;90615674.91622317
cell0012;1800;2020-01-31;93545562.97746582
cell0012;1800;2020-02-01;97620355.9865723
cell0012;1800;2020-02-02;98595365.36978763
cell0012;1800;2020-02-03;101323850.7984375
cell0012;1800;2020-02-04;113429792.1131226
cell0012;1800;2020-02-05;119661867.5622193
cell0012;1800;2020-02-06;118758080.5773438
cell0012;1800;2020-02-07;105194922.813794
cell0012;1800;2020-02-08;123353157.1668945
cell0012;1800;2020-02-09;124940056.3890747
cell0012;1800;2020-02-10;130052328.1370728
cell0012;1800;2020-02-11;113715757.8383301
cell0012;1800;2020-02-12;119451083.5751465
cell0012;1800;2020-02-13;118747358.6995118
cell0012;1800;2020-02-14;134659877.6418945
cell0012;1800;2020-02-15;130335267.7126954
cell0012;1800;2020-02-16;136499550.3989136
cell0012;1800;2020-02-17;133475791.8751465
cell0012;1800;2020-02-18;135731593.7029541
cell0012;1800;2020-02-19;151900369.4640991
cell0012;1800;2020-02-20;141059861.4146607
cell0012;1800;2020-02-21;140636724.8351563
cell0012;1800;2020-02-22;146680783.1586182
cell0012;1800;2020-02-23;142175711.8560059
cell0012;1800;2020-02-24;140268325.3524048
cell0012;1800;2020-02-25;140381826.9911133
cell0012;1800;2020-02-26;154271101.1622438
cell0012;1800;2020-02-27;126115512.6308106
cell0012;1800;2020-02-28;124215057.9514527
cell0012;1800;2020-02-29;115528675.9011353
cell0012;1800;2020-03-01;117955767.8020752
cell0012;1800;2020-03-02;130601649.5740967
cell0012;1800;2020-03-03;123656482.5253418
cell0012;1800;2020-03-04;113313673.7640015
cell0012;1800;2020-03-05;125936870.1473511
cell0012;1800;2020-03-06;122458331.2422974
cell0012;1800;2020-03-07;125235447.8823853
cell0012;1800;2020-03-08;120792328.0548462
cell0012;1800;2020-03-09;123348180.58125
cell0012;1800;2020-03-10;112647281.8382324
cell0012;1800;2020-03-11;122850654.1582154
cell0012;1800;2020-03-12;129156342.6593994
cell0012;1800;2020-03-13;126333817.1125855
cell0012;1800;2020-03-14;113321229.4484009
cell0012;1800;2020-03-15;129717721.9614258
cell0012;1800;2020-03-16;124711575.9137207
cell0012;1800;2020-03-17;111543687.3129029
cell0012;1800;2020-03-18;130721337.6654785
cell0012;1800;2020-03-19;142367494.5714965
cell0012;1800;2020-03-20;126811514.7558716
cell0012;1800;2020-03-21;146762759.0326904
cell0012;1800;2020-03-22;139714216.6052246
cell0012;1800;2020-03-23;137037288.6334228
cell0012;1800;2020-03-24;141992947.1137818
cell0012;1800;2020-03-25;134590819.2740723
cell0012;1800;2020-03-26;143135433.6858643
cell0012;1800;2020-03-27;150389703.9634766
cell0012;1800;2020-03-28;137630142.9571289
cell0012;1800;2020-03-29;127882775.7857178
cell0012;1800;2020-03-30;107269515.0509644
cell0012;1800;2020-03-31;111904723.9129639
cell0012;1800;2020-04-01;120404839.2709473
cell0012;1800;2020-04-02;112862473.9015625
cell0012;1800;2020-04-03;105140199.6776123
cell0012;1800;2020-04-04;124638595.8090088
cell0012;1800;2020-04-05;125385390.1227173
cell0012;1800;2020-04-06;112390770.075647
cell0012;1800;2020-04-07;97536075.1255127
cell0012;1800;2020-04-08;121838388.2389771
cell0012;1800;2020-04-09;103644870.3711182
cell0012;1800;2020-04-10;112623593.537024
cell0012;1800;2020-04-11;119653345.3542969
cell0012;1800;2020-04-12;120657963.3157227
cell0012;1800;2020-04-13;104603314.9085816
cell0012;1800;2020-04-14;123335613.3612305
cell0012;1800;2020-04-15;121835231.4580689
cell0012;1800;2020-04-16;117518950.447583
cell0012;1800;2020-04-17;123310009.7877441
cell0012;1800;2020-04-18;128817721.9972413
cell0012;1800;2020-04-19;130736504.4776001
cell0012;1800;2020-04-20;135835419.4849121
cell0012;1800;2020-04-21;146314043.1117432
cell0012;1800;2020-04-22;127617024.9985474
cell0012;1800;2020-04-23;115705632.0898438
cell0012;1800;2020-04-24;135936501.0342163
cell0012;1800;2020-04-25;158053374.3543945
cell0012;1800;2020-04-26;137696259.313733
cell0012;1800;2020-04-27;119133057.9547241
cell0012;1800;2020-04-28;125838103.8047608
cell0012;1800;2020-04-29;89682663.90023196
cell0012;1800;2020-04-30;122570301.4871095
cell0012;1800;2020-05-01;156523361.7440308
cell0012;1800;2020-05-02;137517590.6206055
cell0012;1800;2020-05-03;137972327.6269898
cell0012;1800;2020-05-04;120936743.603772
cell0012;1800;2020-05-05;116772744.9168701
cell0012;1800;2020-05-06;112175108.330127
cell0012;1800;2020-05-07;125666192.4797852
cell0012;1800;2020-05-08;129585796.3092285
cell0012;1800;2020-05-09;134794908.5866089
cell0012;1800;2020-05-10;147566730.6439209
cell0012;1800;2020-05-11;131429149.3796998
cell0012;1800;2020-05-12;128357279.5316895
cell0012;1800;2020-05-13;132052562.7679566
cell0012;1800;2020-05-14;135953591.9482544
cell0012;1800;2020-05-15;124161483.9940308
cell0012;1800;2020-05-16;136535408.8352051
cell0012;1800;2020-05-17;127608491.8988648
cell0012;1800;2020-05-18;134941275.8947144
cell0012;1800;2020-05-19;139774627.3237427
cell0012;1800;2020-05-20;136777220.6051026
cell0012;1800;2020-05-21;123972635.2474488
cell0012;1800;2020-05-22;117557370.3726563
cell0012;1800;2020-05-23;134371758.6584473
cell0012;1800;2020-05-24;118583235.3010132
cell0012;1800;2020-05-25;105925455.0428101
cell0012;1800;2020-05-26;123809139.3864136
cell0012;1800;2020-05-27;119158778.6280396
cell0012;1800;2020-05-28;117198834.844104
cell0012;1800;2020-05-29;134750791.4533082
cell0012;1800;2020-05-30;117746251.5210938
cell0012;1800;2020-05-31;109589245.9478272
cell0012;1800;2020-06-01;119028923.6713867
cell0012;1800;2020-06-02;120629974.2139649
cell0012;1800;2020-06-03;112430867.5862915
cell0012;1800;2020-06-04;106919057.0100953
cell0012;1800;2020-06-05;114191091.3683716
cell0012;1800;2020-06-06;106770908.1849121
cell0012;1800;2020-06-07;116883433.1030884
cell0012;1800;2020-06-08;101653080.1602051
cell0012;1800;2020-06-09;109660069.7750977
cell0012;1800;2020-06-10;102629857.1535157
cell0012;1800;2020-06-11;118007341.3502808
cell0012;1800;2020-06-12;105448367.712915
cell0012;1800;2020-06-13;112604197.9831787
cell0012;1800;2020-06-14;110558796.043689
cell0012;1800;2020-06-15;98885004.7649048
cell0012;1800;2020-06-16;100082179.1459107
cell0012;1800;2020-06-17;104499630.8020752
cell0012;1800;2020-06-18;103158304.9665284
cell0012;1800;2020-06-19;107934674.924585
cell0012;1800;2020-06-20;123987785.2625611
cell0012;1800;2020-06-21;126650689.5288696
cell0012;1800;2020-06-22;109012310.5561523
cell0012;1800;2020-06-23;114097003.4773438
cell0012;1800;2020-06-24;110798155.9902222
cell0012;1800;2020-06-25;106600652.447937
cell0012;1800;2020-06-26;106482695.1235718
cell0012;1800;2020-06-27;111014401.9961792
cell0012;1800;2020-06-28;105115437.3513672
cell0012;1800;2020-06-29;101855183.5626465
cell0012;1800;2020-06-30;92967309.52764897
cell0012;1800;2020-07-01;107063324.2638917
cell0012;1800;2020-07-02;94325990.91203615
cell0012;1800;2020-07-03;99822548.5508179
cell0012;1800;2020-07-04;110996671.3495362
cell0012;1800;2020-07-05;108962342.5460938
cell0012;1800;2020-07-06;109871677.042041
cell0012;1800;2020-07-07;117884487.9123413
cell0012;1800;2020-07-08;111752743.5762939
cell0012;1800;2020-07-09;104354232.267334
cell0012;1800;2020-07-10;106858915.1392823
cell0012;1800;2020-07-11;123074295.7994629
cell0012;1800;2020-07-12;139631354.2413575
cell0012;1800;2020-07-13;120060302.3654908
cell0012;1800;2020-07-14;116286398.8859009
cell0012;1800;2020-07-15;109388484.7912354
cell0012;1800;2020-07-16;123088867.9928467
cell0012;1800;2020-07-17;128221234.9935791
cell0012;1800;2020-07-18;123365768.997937
cell0012;1800;2020-07-19;150658935.2432374
cell0012;1800;2020-07-20;122267893.4405029
cell0012;1800;2020-07-21;119202764.5840454
cell0012;1800;2020-07-22;128429674.8067872
cell0012;1800;2020-07-23;130225738.0625
cell0012;1800;2020-07-24;126434065.4914917
cell0012;1800;2020-07-25;149625265.018103
cell0012;1800;2020-07-26;138668571.961438
cell0012;1800;2020-07-27;122835421.0697266
cell0012;1800;2020-07-28;121496631.4674805
cell0012;1800;2020-07-29;106070556.6962402
cell0015;1800;2019-01-01;34103889.26657718
cell0015;1800;2019-01-02;34610952.65588382
cell0015;1800;2019-01-03;33679832.17886965
cell0015;1800;2019-01-04;32755839.86236575
cell0015;1800;2019-01-05;31323809.35111089
cell0015;1800;2019-01-06;32873186.3985718
cell0015;1800;2019-01-07;39871279.05209965
cell0015;1800;2019-01-08;45924647.93842775
cell0015;1800;2019-01-09;45262537.112793
cell0015;1800;2019-01-10;32397334.94273681
cell0015;1800;2019-01-11;38288342.32601322
cell0015;1800;2019-01-12;37676408.49888919
cell0015;1800;2019-01-13;38552504.57181402
cell0015;1800;2019-01-14;39760255.01273198
cell0015;1800;2019-01-15;39702976.00657962
cell0015;1800;2019-01-16;30127803.36020508
cell0015;1800;2019-01-17;41803714.64787601
cell0015;1800;2019-01-18;44746630.9188965
cell0015;1800;2019-01-19;39866553.22270511
cell0015;1800;2019-01-20;36139418.26610109
cell0015;1800;2019-01-21;45049753.88289796
cell0015;1800;2019-01-22;47655106.37451175
cell0015;1800;2019-01-23;40621829.11551517
cell0015;1800;2019-01-24;46997575.33045656
cell0015;1800;2019-01-25;36077499.94908451
cell0015;1800;2019-01-26;36043429.18454592
cell0015;1800;2019-01-27;47204725.07263188
cell0015;1800;2019-01-28;45249018.77260746
cell0015;1800;2019-01-29;35146459.58386234
cell0015;1800;2019-01-30;43411070.53402102
cell0015;1800;2019-01-31;42735893.8641846
cell0015;1800;2019-02-01;43927220.46801762
cell0015;1800;2019-02-02;39207893.05386965
cell0015;1800;2019-02-03;43629608.2548584
cell0015;1800;2019-02-04;49033643.30306398
cell0015;1800;2019-02-05;41612811.34139406
cell0015;1800;2019-02-06;50781766.40114747
cell0015;1800;2019-02-07;44101871.86707765
cell0015;1800;2019-02-08;43951307.09401859
cell0015;1800;2019-02-09;41754593.81876221
cell0015;1800;2019-02-10;45824381.45084231
cell0015;1800;2019-02-11;47563457.71330572
cell0015;1800;2019-02-12;41852826.27718508
cell0015;1800;2019-02-13;37550357.38767092
cell0015;1800;2019-02-14;35653414.50828859
cell0015;1800;2019-02-15;36925532.66693117
cell0015;1800;2019-02-16;28109126.56672366
cell0015;1800;2019-02-17;36880827.47327884
cell0015;1800;2019-02-18;34958506.85325931
cell0015;1800;2019-02-19;34621566.87460939
cell0015;1800;2019-02-20;35043800.49123536
cell0015;1800;2019-02-21;33960818.66582034
cell0015;1800;2019-02-22;34217663.10611574
cell0015;1800;2019-02-23;32942033.16052251
cell0015;1800;2019-02-24;39363595.90600588
cell0015;1800;2019-02-25;34477900.44499513
cell0015;1800;2019-02-26;33504710.42167971
cell0015;1800;2019-02-27;38923475.66512452
cell0015;1800;2019-02-28;33324891.8239136
cell0015;1800;2019-03-01;31802058.48886722
cell0015;1800;2019-03-02;29720526.08532719
cell0015;1800;2019-03-03;28587719.93535159
cell0015;1800;2019-03-04;24028778.96052248
cell0015;1800;2019-03-05;36105688.8222046
cell0015;1800;2019-03-06;39264146.05166018
cell0015;1800;2019-03-07;26300922.64975586
cell0015;1800;2019-03-08;30323672.32785646
cell0015;1800;2019-03-09;24744969.33579104
cell0015;1800;2019-03-10;30956083.36254887
cell0015;1800;2019-03-11;35884742.66623536
cell0015;1800;2019-03-12;30640958.90773928
cell0015;1800;2019-03-13;32378632.13742679
cell0015;1800;2019-03-14;41696817.84466556
cell0015;1800;2019-03-15;33487915.80152588
cell0015;1800;2019-03-16;32778041.68104251
cell0015;1800;2019-03-17;27202768.41562502
cell0015;1800;2019-03-18;40045045.09075929
cell0015;1800;2019-03-19;31959295.19691165
cell0015;1800;2019-03-20;45043428.03153079
cell0015;1800;2019-03-21;36642534.49805914
cell0015;1800;2019-03-22;38438506.81456302
cell0015;1800;2019-03-23;29478629.96754152
cell0015;1800;2019-03-24;39369943.7240723
cell0015;1800;2019-03-25;40971782.13360596
cell0015;1800;2019-03-26;34696289.32960208
cell0015;1800;2019-03-27;37057743.08348389
cell0015;1800;2019-03-28;33572797.51929932
cell0015;1800;2019-03-29;36505912.64036869
cell0015;1800;2019-03-30;32515036.60339357
cell0015;1800;2019-03-31;30447253.64360355
cell0015;1800;2019-04-01;40056342.74667973
cell0015;1800;2019-04-02;38854776.73079838
cell0015;1800;2019-04-03;39509109.71771242
cell0015;1800;2019-04-04;43210905.05046388
cell0015;1800;2019-04-05;51123960.6612305
cell0015;1800;2019-04-06;42167340.58295903
cell0015;1800;2019-04-07;42879601.48471683
cell0015;1800;2019-04-08;40686343.65362551
cell0015;1800;2019-04-09;41899377.1112427
cell0015;1800;2019-04-10;35111630.09379885
cell0015;1800;2019-04-11;32898407.60002442
cell0015;1800;2019-04-12;47036881.31854253
cell0015;1800;2019-04-13;48120704.46958009
cell0015;1800;2019-04-14;41326058.97122804
cell0015;1800;2019-04-15;37149575.79339603
cell0015;1800;2019-04-16;39444622.1707764
cell0015;1800;2019-04-17;38419964.23038331
cell0015;1800;2019-04-18;46932669.6407837
cell0015;1800;2019-04-19;51134587.1652222
cell0015;1800;2019-04-20;35127734.68300784
cell0015;1800;2019-04-21;47257956.30623782
cell0015;1800;2019-04-22;43451081.33659671
cell0015;1800;2019-04-23;47801378.57252201
cell0015;1800;2019-04-24;41914109.59501956
cell0015;1800;2019-04-25;45427096.96501467
cell0015;1800;2019-04-26;54461982.72918703
cell0015;1800;2019-04-27;40884732.09685061
cell0015;1800;2019-04-28;42912434.57192386
cell0015;1800;2019-04-29;43373703.23375246
cell0015;1800;2019-04-30;40767619.84467777
cell0015;1800;2019-05-01;54275784.83048099
cell0015;1800;2019-05-02;44664804.24381106
cell0015;1800;2019-05-03;42818009.57867432
cell0015;1800;2019-05-04;38765144.83814699
cell0015;1800;2019-05-05;51474483.14888916
cell0015;1800;2019-05-06;42573944.5527222
cell0015;1800;2019-05-07;45909042.03775638
cell0015;1800;2019-05-08;52990056.66486818
cell0015;1800;2019-05-09;47354929.86435548
cell0015;1800;2019-05-10;40889028.82291263
cell0015;1800;2019-05-11;38638343.12796631
cell0015;1800;2019-05-12;40052098.40159913
cell0015;1800;2019-05-13;43023100.96029057
cell0015;1800;2019-05-14;38338403.95803224
cell0015;1800;2019-05-15;43061826.8822754
cell0015;1800;2019-05-16;39876726.17575684
cell0015;1800;2019-05-17;43769341.40913089
cell0015;1800;2019-05-18;38327889.83498535
cell0015;1800;2019-05-19;57992642.96914064
cell0015;1800;2019-05-20;41020386.4198731
cell0015;1800;2019-05-21;51601061.66379397
cell0015;1800;2019-05-22;39250911.57474369
cell0015;1800;2019-05-23;41763609.40650639
cell0015;1800;2019-05-24;40141760.36066896
cell0015;1800;2019-05-25;43466269.91744386
cell0015;1800;2019-05-26;40251673.11470948
cell0015;1800;2019-05-27;44747436.26529542
cell0015;1800;2019-05-28;46166399.64707035
cell0015;1800;2019-05-29;44325730.15443117
cell0015;1800;2019-05-30;51793312.07060549
cell0015;1800;2019-05-31;48330169.98760986
cell0015;1800;2019-06-01;41833541.08725589
cell0015;1800;2019-06-02;37463884.94605716
cell0015;1800;2019-06-03;46686947.01468509
cell0015;1800;2019-06-04;50774826.79980472
cell0015;1800;2019-06-05;44400805.49731448
cell0015;1800;2019-06-06;48254897.18522954
cell0015;1800;2019-06-07;43997795.06353762
cell0015;1800;2019-06-08;38431409.93088382
cell0015;1800;2019-06-09;45160281.58156741
cell0015;1800;2019-06-10;44749156.80104984
cell0015;1800;2019-06-11;51108374.54433595
cell0015;1800;2019-06-12;43261674.76455082
cell0015;1800;2019-06-13;43212938.06865236
cell0015;1800;2019-06-14;43684343.5237183
cell0015;1800;2019-06-15;45761410.52593998
cell0015;1800;2019-06-16;48242610.63309328
cell0015;1800;2019-06-17;50595997.82673343
cell0015;1800;2019-06-18;59827924.8314209
cell0015;1800;2019-06-19;58398718.99229743
cell0015;1800;2019-06-20;61391956.23110354
cell0015;1800;2019-06-21;83226492.7642212
cell0015;1800;2019-06-22;80431622.2299683
cell0015;1800;2019-06-23;61493635.87900394
cell0015;1800;2019-06-24;46677460.7888428
cell0015;1800;2019-06-25;48537792.64294436
cell0015;1800;2019-06-26;43286050.50410159
cell0015;1800;2019-06-27;49977433.97976078
cell0015;1800;2019-06-28;52179847.42037354
cell0015;1800;2019-06-29;43507206.10617679
cell0015;1800;2019-06-30;45278191.26024174
cell0015;1800;2019-07-01;50376372.15299076
cell0015;1800;2019-07-02;55774752.30540776
cell0015;1800;2019-07-03;46377843.75993653
cell0015;1800;2019-07-04;43045515.37908937
cell0015;1800;2019-07-05;46324829.29904787
cell0015;1800;2019-07-06;40549851.5702515
cell0015;1800;2019-07-07;40865213.41658938
cell0015;1800;2019-07-08;51553314.74047853
cell0015;1800;2019-07-09;41760447.86628419
cell0015;1800;2019-07-10;46772436.84552005
cell0015;1800;2019-07-11;56372524.29168703
cell0015;1800;2019-07-12;51485604.06157228
cell0015;1800;2019-07-13;41387195.59672854
cell0015;1800;2019-07-14;51870814.65170901
cell0015;1800;2019-07-15;63154797.16751711
cell0015;1800;2019-07-16;54398944.88513187
cell0015;1800;2019-07-17;56875220.53503418
cell0015;1800;2019-07-18;56618879.50384524
cell0015;1800;2019-07-19;43755059.65354007
cell0015;1800;2019-07-20;46864358.29793704
cell0015;1800;2019-07-21;41566062.73428957
cell0015;1800;2019-07-22;50605935.98333744
cell0015;1800;2019-07-23;55763487.57772219
cell0015;1800;2019-07-24;53152756.84606939
cell0015;1800;2019-07-25;54136511.32569585
cell0015;1800;2019-07-26;57504961.25803225
cell0015;1800;2019-07-27;52891415.50051272
cell0015;1800;2019-07-28;55346750.53875734
cell0015;1800;2019-07-29;55175548.01269534
cell0015;1800;2019-07-30;58711070.48142094
cell0015;1800;2019-07-31;46924894.1046265
cell0015;1800;2019-08-01;47095777.92294925
cell0015;1800;2019-08-02;51802443.80126955
cell0015;1800;2019-08-03;40115361.27617191
cell0015;1800;2019-08-04;39887957.83447267
cell0015;1800;2019-08-05;46289552.34953614
cell0015;1800;2019-08-06;56382084.53161622
cell0015;1800;2019-08-07;53476057.9128784
cell0015;1800;2019-08-08;54376792.9393921
cell0015;1800;2019-08-09;56395493.94830325
cell0015;1800;2019-08-10;57216556.85150149
cell0015;1800;2019-08-11;63819201.74155276
cell0015;1800;2019-08-12;57868980.91196292
cell0015;1800;2019-08-13;62647135.74172366
cell0015;1800;2019-08-14;57429598.65512697
cell0015;1800;2019-08-15;49575590.7752808
cell0015;1800;2019-08-16;51009992.77592777
cell0015;1800;2019-08-17;50304728.49393313
cell0015;1800;2019-08-18;35979405.57561036
cell0015;1800;2019-08-19;49419138.91700444
cell0015;1800;2019-08-20;54059008.57265627
cell0015;1800;2019-08-21;52614377.0919922
cell0015;1800;2019-08-22;55587875.90053712
cell0015;1800;2019-08-23;58395253.52182618
cell0015;1800;2019-08-24;52984719.84367678
cell0015;1800;2019-08-25;46238534.97727053
cell0015;1800;2019-08-26;51241562.6785767
cell0015;1800;2019-08-27;54678700.50020754
cell0015;1800;2019-08-28;57875410.6732178
cell0015;1800;2019-08-29;54366905.25377201
cell0015;1800;2019-08-30;46135086.25374758
cell0015;1800;2019-08-31;52287877.50931401
cell0015;1800;2019-09-01;50089513.88439945
cell0015;1800;2019-09-02;53524312.35330815
cell0015;1800;2019-09-03;57520116.48461916
cell0015;1800;2019-09-04;51524715.17491458
cell0015;1800;2019-09-05;75434492.06345218
cell0015;1800;2019-09-06;109076030.8887207
cell0015;1800;2019-09-07;126390750.7996705
cell0015;1800;2019-09-08;131380702.3516603
cell0015;1800;2019-09-09;60532581.29603274
cell0015;1800;2019-09-10;57316463.28139652
cell0015;1800;2019-09-11;66089278.0629517
cell0015;1800;2019-09-12;67817869.81065676
cell0015;1800;2019-09-13;48995996.77066655
cell0015;1800;2019-09-14;61042749.97569583
cell0015;1800;2019-09-15;51903203.8461792
cell0015;1800;2019-09-16;54729223.69488528
cell0015;1800;2019-09-17;56031170.45913089
cell0015;1800;2019-09-18;56730071.79996341
cell0015;1800;2019-09-19;61021528.49461673
cell0015;1800;2019-09-20;61391729.24455569
cell0015;1800;2019-09-21;47112716.24829104
cell0015;1800;2019-09-22;54470698.37918703
cell0015;1800;2019-09-23;66189539.08131107
cell0015;1800;2019-09-24;66602297.37288821
cell0015;1800;2019-09-25;57965563.20047611
cell0015;1800;2019-09-26;65907703.67209477
cell0015;1800;2019-09-27;63509739.35372316
cell0015;1800;2019-09-28;65556273.75444337
cell0015;1800;2019-09-29;56605864.34697269
cell0015;1800;2019-09-30;66631888.10460209
cell0015;1800;2019-10-01;63729791.19429934
cell0015;1800;2019-10-02;59443310.69936524
cell0015;1800;2019-10-03;60700542.39667971
cell0015;1800;2019-10-04;64140612.715564
cell0015;1800;2019-10-05;54674007.3985474
cell0015;1800;2019-10-06;69506974.99145511
cell0015;1800;2019-10-07;66873740.17897952
cell0015;1800;2019-10-08;78267214.77647708
cell0015;1800;2019-10-09;61971590.00468753
cell0015;1800;2019-10-10;60904911.77205813
cell0015;1800;2019-10-11;58118729.76551519
cell0015;1800;2019-10-12;58902159.92312017
cell0015;1800;2019-10-13;68864229.41705325
cell0015;1800;2019-10-14;60428864.34187014
cell0015;1800;2019-10-15;90550103.38323978
cell0015;1800;2019-10-16;59020957.22536623
cell0015;1800;2019-10-17;66524353.01436771
cell0015;1800;2019-10-18;64748886.13275151
cell0015;1800;2019-10-19;59811735.72572023
cell0015;1800;2019-10-20;60587123.48370366
cell0015;1800;2019-10-21;55653648.21690673
cell0015;1800;2019-10-22;64377459.72731937
cell0015;1800;2019-10-23;67530734.33831789
cell0015;1800;2019-10-24;66770916.41053469
cell0015;1800;2019-10-25;65829178.71475834
cell0015;1800;2019-10-26;61288372.90786135
cell0015;1800;2019-10-27;59243560.72883303
cell0015;1800;2019-10-28;61433982.75975345
cell0015;1800;2019-10-29;60977695.28319093
cell0015;1800;2019-10-30;55620489.93094486
cell0015;1800;2019-10-31;53347451.46796878
cell0015;1800;2019-11-01;54337569.88167726
cell0015;1800;2019-11-02;48701880.20802004
cell0015;1800;2019-11-03;58979499.56326907
cell0015;1800;2019-11-04;48919317.26357423
cell0015;1800;2019-11-05;50453938.65286868
cell0015;1800;2019-11-06;54936645.48356935
cell0015;1800;2019-11-07;66012682.10056157
cell0015;1800;2019-11-08;59539738.09520265
cell0015;1800;2019-11-09;54959993.15837404
cell0015;1800;2019-11-10;47966208.77692875
cell0015;1800;2019-11-11;42745709.16074224
cell0015;1800;2019-11-12;54823172.47169192
cell0015;1800;2019-11-13;50289754.35239258
cell0015;1800;2019-11-14;48739855.75229493
cell0015;1800;2019-11-15;43536074.78245852
cell0015;1800;2019-11-16;42284404.33406986
cell0015;1800;2019-11-17;50815725.1353882
cell0015;1800;2019-11-18;51724778.18266604
cell0015;1800;2019-11-19;47917983.53619386
cell0015;1800;2019-11-20;45011962.92642824
cell0015;1800;2019-11-21;32267558.05836182
cell0015;1800;2019-11-22;43648184.73251956
cell0015;1800;2019-11-23;54323975.25164796
cell0015;1800;2019-11-24;59503931.79615482
cell0015;1800;2019-11-25;51050398.38531497
cell0015;1800;2019-11-26;48008686.18218997
cell0015;1800;2019-11-27;60936756.12117922
cell0015;1800;2019-11-28;55302926.20700684
cell0015;1800;2019-11-29;49331185.77237552
cell0015;1800;2019-11-30;47588743.7187012
cell0015;1800;2019-12-01;43787855.88425295
cell0015;1800;2019-12-02;31172830.34846194
cell0015;1800;2019-12-03;49938903.69376224
cell0015;1800;2019-12-04;61368378.69770513
cell0015;1800;2019-12-05;53966998.51665042
cell0015;1800;2019-12-06;50121149.90789796
cell0015;1800;2019-12-07;61662949.22248539
cell0015;1800;2019-12-08;79566390.92313236
cell0015;1800;2019-12-09;58341468.17589115
cell0015;1800;2019-12-10;58825229.63283698
cell0015;1800;2019-12-11;54558176.53977053
cell0015;1800;2019-12-12;49870725.93209232
cell0015;1800;2019-12-13;55018105.56427004
cell0015;1800;2019-12-14;53104560.19851078
cell0015;1800;2019-12-15;52548272.03924562
cell0015;1800;2019-12-16;59388504.90605468
cell0015;1800;2019-12-17;57791962.80788576
cell0015;1800;2019-12-18;49196722.48162843
cell0015;1800;2019-12-19;60546435.05345463
cell0015;1800;2019-12-20;59964701.07202151
cell0015;1800;2019-12-21;46740796.85339359
cell0015;1800;2019-12-22;51536786.69263919
cell0015;1800;2019-12-23;48813689.01459964
cell0015;1800;2019-12-24;49287390.54107671
cell0015;1800;2019-12-25;48742709.73072514
cell0015;1800;2019-12-26;52739798.02529301
cell0015;1800;2019-12-27;51890486.66270755
cell0015;1800;2019-12-28;49018526.40831301
cell0015;1800;2019-12-29;49253645.6610596
cell0015;1800;2019-12-30;63347285.79614261
cell0015;1800;2019-12-31;49193658.44001469
cell0015;1800;2020-01-01;51704392.34221192
cell0015;1800;2020-01-02;51024686.30644535
cell0015;1800;2020-01-03;52076383.33400881
cell0015;1800;2020-01-04;40306910.27171631
cell0015;1800;2020-01-05;45861632.0614014
cell0015;1800;2020-01-06;47281713.01557621
cell0015;1800;2020-01-07;53225038.97318117
cell0015;1800;2020-01-08;50064875.70550542
cell0015;1800;2020-01-09;53838472.04570314
cell0015;1800;2020-01-10;56820538.72005619
cell0015;1800;2020-01-11;42401109.59422609
cell0015;1800;2020-01-12;53000779.78770755
cell0015;1800;2020-01-13;65094528.15456544
cell0015;1800;2020-01-14;9074915.754248053
cell0015;1800;2020-01-15;428367.177734375
cell0015;1800;2020-01-16;51257080.60031742
cell0015;1800;2020-01-17;48032336.95520022
cell0015;1800;2020-01-18;49486703.98430178
cell0015;1800;2020-01-19;48908001.80915528
cell0015;1800;2020-01-20;51928438.77873538
cell0015;1800;2020-01-21;53312524.59062503
cell0015;1800;2020-01-22;54676377.97741701
cell0015;1800;2020-01-23;55931578.54210208
cell0015;1800;2020-01-24;53147170.80422365
cell0015;1800;2020-01-25;51393590.86751711
cell0015;1800;2020-01-26;57555065.89597171
cell0015;1800;2020-01-27;50669908.61943363
cell0015;1800;2020-01-28;63122773.77641605
cell0015;1800;2020-01-29;56494685.55423585
cell0015;1800;2020-01-30;52596827.31717532
cell0015;1800;2020-01-31;52399245.6159424
cell0015;1800;2020-02-01;43847850.55021977
cell0015;1800;2020-02-02;44556084.54371341
cell0015;1800;2020-02-03;56623476.53221437
cell0015;1800;2020-02-04;51984607.77628176
cell0015;1800;2020-02-05;52883629.8653687
cell0015;1800;2020-02-06;46326107.92163089
cell0015;1800;2020-02-07;48873085.777417
cell0015;1800;2020-02-08;56497326.83839112
cell0015;1800;2020-02-09;54599237.11621096
cell0015;1800;2020-02-10;52578091.58170167
cell0015;1800;2020-02-11;51109469.99611818
cell0015;1800;2020-02-12;48688899.66555178
cell0015;1800;2020-02-13;56763773.58211672
cell0015;1800;2020-02-14;52531188.97397462
cell0015;1800;2020-02-15;41868180.4886597
cell0015;1800;2020-02-16;52796473.00811771
cell0015;1800;2020-02-17;53905424.01075444
cell0015;1800;2020-02-18;61058224.16977541
cell0015;1800;2020-02-19;55941368.28863527
cell0015;1800;2020-02-20;56328615.00756839
cell0015;1800;2020-02-21;52119107.82500003
cell0015;1800;2020-02-22;61347502.75130615
cell0015;1800;2020-02-23;60746273.32576909
cell0015;1800;2020-02-24;56955290.29896244
cell0015;1800;2020-02-25;52603415.94855958
cell0015;1800;2020-02-26;49231456.57661135
cell0015;1800;2020-02-27;39195121.00490725
cell0015;1800;2020-02-28;46526254.1355713
cell0015;1800;2020-02-29;53616168.4940552
cell0015;1800;2020-03-01;55809248.43811035
cell0015;1800;2020-03-02;48583702.35236818
cell0015;1800;2020-03-03;52283515.69005129
cell0015;1800;2020-03-04;46554983.47999272
cell0015;1800;2020-03-05;45493144.30970462
cell0015;1800;2020-03-06;52340073.35483401
cell0015;1800;2020-03-07;69876492.27990726
cell0015;1800;2020-03-08;66779040.86567385
cell0015;1800;2020-03-09;42421528.99482425
cell0015;1800;2020-03-10;47954296.72314458
cell0015;1800;2020-03-11;41679681.86315921
cell0015;1800;2020-03-12;45823785.03029788
cell0015;1800;2020-03-13;45560333.95489506
cell0015;1800;2020-03-14;48311071.96898197
cell0015;1800;2020-03-15;57536988.83232425
cell0015;1800;2020-03-16;35319410.72438966
cell0015;1800;2020-03-17;45893963.29282232
cell0015;1800;2020-03-18;44742030.52370607
cell0015;1800;2020-03-19;41885119.51545411
cell0015;1800;2020-03-20;47589201.39539797
cell0015;1800;2020-03-21;47599289.17449956
cell0015;1800;2020-03-22;38674108.36821292
cell0015;1800;2020-03-23;44763989.56008304
cell0015;1800;2020-03-24;55308468.39057622
cell0015;1800;2020-03-25;49868990.76069338
cell0015;1800;2020-03-26;55231197.65931399
cell0015;1800;2020-03-27;44763269.97119144
cell0015;1800;2020-03-28;52483983.6300415
cell0015;1800;2020-03-29;52419318.82972416
cell0015;1800;2020-03-30;45998608.32075199
cell0015;1800;2020-03-31;46424059.20205081
cell0015;1800;2020-04-01;67130734.98067628
cell0015;1800;2020-04-02;56952423.45313724
cell0015;1800;2020-04-03;59274333.2613892
cell0015;1800;2020-04-04;49482053.02419435
cell0015;1800;2020-04-05;72115704.65366213
cell0015;1800;2020-04-06;59046725.3888062
cell0015;1800;2020-04-07;57898251.06627199
cell0015;1800;2020-04-08;61317799.05744632
cell0015;1800;2020-04-09;54903034.14428714
cell0015;1800;2020-04-10;54351898.26549073
cell0015;1800;2020-04-11;48929043.86876223
cell0015;1800;2020-04-12;42710820.48496095
cell0015;1800;2020-04-13;44718452.92744144
cell0015;1800;2020-04-14;45759776.04484867
cell0015;1800;2020-04-15;53052806.26043704
cell0015;1800;2020-04-16;49064072.77292484
cell0015;1800;2020-04-17;56813970.23248295
cell0015;1800;2020-04-18;67387177.69371343
cell0015;1800;2020-04-19;56505619.45977784
cell0015;1800;2020-04-20;59848274.52713625
cell0015;1800;2020-04-21;61953046.66048587
cell0015;1800;2020-04-22;56526744.46147463
cell0015;1800;2020-04-23;52611320.77724614
cell0015;1800;2020-04-24;55366204.70078128
cell0015;1800;2020-04-25;61173107.66647954
cell0015;1800;2020-04-26;71835380.39852296
cell0015;1800;2020-04-27;56413432.07618409
cell0015;1800;2020-04-28;55324210.97680666
cell0015;1800;2020-04-29;40062185.5140381
cell0015;1800;2020-04-30;54900367.29672855
cell0015;1800;2020-05-01;71019185.7313843
cell0015;1800;2020-05-02;73036480.39748536
cell0015;1800;2020-05-03;65683348.43254398
cell0015;1800;2020-05-04;56925866.20667727
cell0015;1800;2020-05-05;48318821.02864992
cell0015;1800;2020-05-06;67143823.20167238
cell0015;1800;2020-05-07;50172374.82696535
cell0015;1800;2020-05-08;56329328.61068118
cell0015;1800;2020-05-09;58890742.55717774
cell0015;1800;2020-05-10;60761340.92795411
cell0015;1800;2020-05-11;65137448.33333741
cell0015;1800;2020-05-12;55405888.45876467
cell0015;1800;2020-05-13;56733209.0162598
cell0015;1800;2020-05-14;65378310.28709718
cell0015;1800;2020-05-15;60366357.89112554
cell0015;1800;2020-05-16;65707267.74500734
cell0015;1800;2020-05-17;68349197.10628666
cell0015;1800;2020-05-18;64205388.56722414
cell0015;1800;2020-05-19;60776088.44382327
cell0015;1800;2020-05-20;51769797.20211184
cell0015;1800;2020-05-21;58497506.13901371
cell0015;1800;2020-05-22;52873710.99575196
cell0015;1800;2020-05-23;57506295.78941654
cell0015;1800;2020-05-24;59326686.47187503
cell0015;1800;2020-05-25;60675657.47302248
cell0015;1800;2020-05-26;50808180.85841066
cell0015;1800;2020-05-27;55027215.69951175
cell0015;1800;2020-05-28;61560728.9560303
cell0015;1800;2020-05-29;66562669.84991458
cell0015;1800;2020-05-30;62463835.90560307
cell0015;1800;2020-05-31;55330470.3443848
cell0015;1800;2020-06-01;53710373.60627444
cell0015;1800;2020-06-02;51776535.69429935
cell0015;1800;2020-06-03;55368650.95164797
cell0015;1800;2020-06-04;45180388.89190677
cell0015;1800;2020-06-05;56866542.29194339
cell0015;1800;2020-06-06;61714487.22192385
cell0015;1800;2020-06-07;61430606.34118653
cell0015;1800;2020-06-08;47752344.84700929
cell0015;1800;2020-06-09;44301717.31367189
cell0015;1800;2020-06-10;34227040.9263306
cell0015;1800;2020-06-11;46062942.76826176
cell0015;1800;2020-06-12;42152310.11166996
cell0015;1800;2020-06-13;49129729.7468628
cell0015;1800;2020-06-14;56859764.02592775
cell0015;1800;2020-06-15;42838043.29027101
cell0015;1800;2020-06-16;46274547.81408694
cell0015;1800;2020-06-17;51390842.80383302
cell0015;1800;2020-06-18;48964191.75810549
cell0015;1800;2020-06-19;44377993.6907593
cell0015;1800;2020-06-20;55576591.47542728
cell0015;1800;2020-06-21;57918017.83315431
cell0015;1800;2020-06-22;40712673.82287603
cell0015;1800;2020-06-23;45201524.0621094
cell0015;1800;2020-06-24;37932608.84189454
cell0015;1800;2020-06-25;42220522.52414554
cell0015;1800;2020-06-26;42298290.71032717
cell0015;1800;2020-06-27;48528048.79990235
cell0015;1800;2020-06-28;47598924.8980225
cell0015;1800;2020-06-29;46438597.22396242
cell0015;1800;2020-06-30;20148759.94450684
cell0015;1800;2020-07-04;23617188.05793459
cell0015;1800;2020-07-05;82045948.53576663
cell0015;1800;2020-07-06;42467233.89788819
cell0015;1800;2020-07-07;50838125.86423346
cell0015;1800;2020-07-08;51709207.80808108
cell0015;1800;2020-07-09;49495907.64515384
cell0015;1800;2020-07-10;47501259.81329349
cell0015;1800;2020-07-11;55615285.69989015
cell0015;1800;2020-07-12;68001265.577356
cell0015;1800;2020-07-13;47162086.29731449
cell0015;1800;2020-07-14;37538644.07510988
cell0015;1800;2020-07-15;35213779.86909183
cell0015;1800;2020-07-16;41006557.7076172
cell0015;1800;2020-07-17;46883327.12060548
cell0015;1800;2020-07-18;64359279.96055909
cell0015;1800;2020-07-19;65737639.5938355
cell0015;1800;2020-07-20;47734054.88323978
cell0015;1800;2020-07-21;46908026.44099124
cell0015;1800;2020-07-22;51399013.21669925
cell0015;1800;2020-07-23;49778210.46875004
cell0015;1800;2020-07-24;50126800.07176516
cell0015;1800;2020-07-25;57949545.60769047
cell0015;1800;2020-07-26;57189745.56606448
cell0015;1800;2020-07-27;54361599.15775147
cell0015;1800;2020-07-28;47161260.76114505
cell0015;1800;2020-07-29;48817915.7183838
cell0020;1800;2019-01-01;50929122.998938
cell0020;1800;2019-01-02;45654310.70955815
cell0020;1800;2019-01-03;48661088.91252442
cell0020;1800;2019-01-04;45282099.65832523
cell0020;1800;2019-01-05;49545720.33509524
cell0020;1800;2019-01-06;54600576.16446535
cell0020;1800;2019-01-07;48119844.2725342
cell0020;1800;2019-01-08;43206084.47946779
cell0020;1800;2019-01-09;41151549.30574953
cell0020;1800;2019-01-10;35405794.82326662
cell0020;1800;2019-01-11;56715198.59114991
cell0020;1800;2019-01-12;57738100.35386965
cell0020;1800;2019-01-13;56579742.29952396
cell0020;1800;2019-01-14;45697947.36840824
cell0020;1800;2019-01-15;52903354.21939702
cell0020;1800;2019-01-16;40695857.58464357
cell0020;1800;2019-01-17;48099684.11718753
cell0020;1800;2019-01-18;56669933.68632813
cell0020;1800;2019-01-19;57638140.25369874
cell0020;1800;2019-01-20;48087847.04237063
cell0020;1800;2019-01-21;44095961.78525393
cell0020;1800;2019-01-22;26783650.44697266
cell0020;1800;2019-01-23;55405824.99995121
cell0020;1800;2019-01-24;44568567.99261478
cell0020;1800;2019-01-25;49267309.37569583
cell0020;1800;2019-01-26;56699598.4162476
cell0020;1800;2019-01-27;50487560.65067142
cell0020;1800;2019-01-28;44572848.6403931
cell0020;1800;2019-01-29;37474977.83236086
cell0020;1800;2019-01-30;52599835.88183598
cell0020;1800;2019-01-31;43654774.30959474
cell0020;1800;2019-02-01;49569083.18730474
cell0020;1800;2019-02-02;56942414.81722416
cell0020;1800;2019-02-03;60671578.63375246
cell0020;1800;2019-02-04;50489903.07453614
cell0020;1800;2019-02-05;38609479.65451661
cell0020;1800;2019-02-06;49547369.44223636
cell0020;1800;2019-02-07;49605670.7098389
cell0020;1800;2019-02-08;52728790.80572515
cell0020;1800;2019-02-09;52165882.36441651
cell0020;1800;2019-02-10;53738669.35920413
cell0020;1800;2019-02-11;48038508.06606448
cell0020;1800;2019-02-12;46092605.18978272
cell0020;1800;2019-02-13;42550988.05028076
cell0020;1800;2019-02-14;49287748.81997073
cell0020;1800;2019-02-15;51743889.76064456
cell0020;1800;2019-02-16;54934461.7505127
cell0020;1800;2019-02-17;48061591.95394289
cell0020;1800;2019-02-18;40519472.22653809
cell0020;1800;2019-02-19;40992467.70744631
cell0020;1800;2019-02-20;47195971.5032593
cell0020;1800;2019-02-21;40418044.53115235
cell0020;1800;2019-02-22;44499437.95698244
cell0020;1800;2019-02-23;53489060.15009769
cell0020;1800;2019-02-24;56105779.00629887
cell0020;1800;2019-02-25;47150632.25064697
cell0020;1800;2019-02-26;51383490.64555665
cell0020;1800;2019-02-27;39666921.77249759
cell0020;1800;2019-02-28;44716537.17904055
cell0020;1800;2019-03-01;43918438.56313477
cell0020;1800;2019-03-02;55952921.42299809
cell0020;1800;2019-03-03;57075792.86739503
cell0020;1800;2019-03-04;42440815.72808842
cell0020;1800;2019-03-05;46407504.67891849
cell0020;1800;2019-03-06;40609741.71228031
cell0020;1800;2019-03-07;39447396.95034183
cell0020;1800;2019-03-08;47768675.72747804
cell0020;1800;2019-03-09;50341251.07005618
cell0020;1800;2019-03-10;56708989.40463872
cell0020;1800;2019-03-11;43740514.52023929
cell0020;1800;2019-03-12;50510216.12989503
cell0020;1800;2019-03-13;37076055.84406739
cell0020;1800;2019-03-14;52884360.78375246
cell0020;1800;2019-03-15;43188558.18701173
cell0020;1800;2019-03-16;56791623.60729983
cell0020;1800;2019-03-17;61277960.39158939
cell0020;1800;2019-03-18;47631829.57316896
cell0020;1800;2019-03-19;40376462.21983644
cell0020;1800;2019-03-20;55561330.73128665
cell0020;1800;2019-03-21;54197174.71270756
cell0020;1800;2019-03-22;44642764.70589602
cell0020;1800;2019-03-23;42911669.7619385
cell0020;1800;2019-03-24;47968867.6229126
cell0020;1800;2019-03-25;43424986.26097415
cell0020;1800;2019-03-26;46821774.72258303
cell0020;1800;2019-03-27;47154417.72277834
cell0020;1800;2019-03-28;44870756.95793457
cell0020;1800;2019-03-29;44171085.70938723
cell0020;1800;2019-03-30;50681290.64628908
cell0020;1800;2019-03-31;54571856.33670656
cell0020;1800;2019-04-01;46139429.82705081
cell0020;1800;2019-04-02;55067260.44198001
cell0020;1800;2019-04-03;50754649.63819582
cell0020;1800;2019-04-04;56670146.9060059
cell0020;1800;2019-04-05;51277275.5476929
cell0020;1800;2019-04-06;47172424.2646973
cell0020;1800;2019-04-07;59522021.75811768
cell0020;1800;2019-04-08;56901535.51467288
cell0020;1800;2019-04-09;61792053.11665041
cell0020;1800;2019-04-10;52899130.21311038
cell0020;1800;2019-04-11;49776089.59124757
cell0020;1800;2019-04-12;47803678.56689454
cell0020;1800;2019-04-13;54722487.11129151
cell0020;1800;2019-04-14;59137060.52913823
cell0020;1800;2019-04-15;57433305.65335695
cell0020;1800;2019-04-16;49848767.11785892
cell0020;1800;2019-04-17;55454990.45874026
cell0020;1800;2019-04-18;49351492.09346928
cell0020;1800;2019-04-19;61550225.92274176
cell0020;1800;2019-04-20;48083480.37542729
cell0020;1800;2019-04-21;56985409.15048829
cell0020;1800;2019-04-22;50177974.79456789
cell0020;1800;2019-04-23;53360592.57133791
cell0020;1800;2019-04-24;53486182.46495365
cell0020;1800;2019-04-25;54273381.26599126
cell0020;1800;2019-04-26;46917117.97299806
cell0020;1800;2019-04-27;51173847.4667847
cell0020;1800;2019-04-28;59634940.15659182
cell0020;1800;2019-04-29;51351853.53203128
cell0020;1800;2019-04-30;53302967.76325686
cell0020;1800;2019-05-01;60651506.85592043
cell0020;1800;2019-05-02;50210007.55144045
cell0020;1800;2019-05-03;49134495.32794192
cell0020;1800;2019-05-04;58428984.74243167
cell0020;1800;2019-05-05;55882001.58376469
cell0020;1800;2019-05-06;47776675.03706058
cell0020;1800;2019-05-07;53378853.20635989
cell0020;1800;2019-05-08;53967054.99968264
cell0020;1800;2019-05-09;59911036.06455079
cell0020;1800;2019-05-10;81521061.3476685
cell0020;1800;2019-05-11;50505708.3798218
cell0020;1800;2019-05-12;55607318.2711426
cell0020;1800;2019-05-13;49631091.26522219
cell0020;1800;2019-05-14;57702092.68040775
cell0020;1800;2019-05-15;56146671.20625001
cell0020;1800;2019-05-16;57711766.16696782
cell0020;1800;2019-05-17;51335175.72879642
cell0020;1800;2019-05-18;61592997.49012452
cell0020;1800;2019-05-19;55572898.24693606
cell0020;1800;2019-05-20;52031318.90572513
cell0020;1800;2019-05-21;50090785.20142825
cell0020;1800;2019-05-22;50477071.31672364
cell0020;1800;2019-05-23;51945708.9789551
cell0020;1800;2019-05-24;48485890.01477054
cell0020;1800;2019-05-25;52663490.0827637
cell0020;1800;2019-05-26;54791847.0775269
cell0020;1800;2019-05-27;49367390.03942872
cell0020;1800;2019-05-28;49082846.97108157
cell0020;1800;2019-05-29;57188459.61173098
cell0020;1800;2019-05-30;48453995.16104739
cell0020;1800;2019-05-31;48406681.7388062
cell0020;1800;2019-06-01;57551460.58094483
cell0020;1800;2019-06-02;67381108.05159913
cell0020;1800;2019-06-03;53498206.52010499
cell0020;1800;2019-06-04;51700198.87343752
cell0020;1800;2019-06-05;54274104.83900149
cell0020;1800;2019-06-06;55222570.91956791
cell0020;1800;2019-06-07;51879768.80130617
cell0020;1800;2019-06-08;53635086.8537964
cell0020;1800;2019-06-09;57560638.31166995
cell0020;1800;2019-06-10;53205644.0317627
cell0020;1800;2019-06-11;46230359.73151858
cell0020;1800;2019-06-12;44154089.69820558
cell0020;1800;2019-06-13;48669159.45704347
cell0020;1800;2019-06-14;57583407.93439946
cell0020;1800;2019-06-15;50777289.75903323
cell0020;1800;2019-06-16;63937301.1317383
cell0020;1800;2019-06-17;54915329.5810181
cell0020;1800;2019-06-18;49358114.12664798
cell0020;1800;2019-06-19;50086877.91409913
cell0020;1800;2019-06-20;63949542.05274662
cell0020;1800;2019-06-21;55119761.68830571
cell0020;1800;2019-06-22;49846798.51896977
cell0020;1800;2019-06-23;56781186.17137451
cell0020;1800;2019-06-24;51258648.10397951
cell0020;1800;2019-06-25;52115993.83494876
cell0020;1800;2019-06-26;51726006.01668701
cell0020;1800;2019-06-27;57023915.12136233
cell0020;1800;2019-06-28;54918144.22830811
cell0020;1800;2019-06-29;51966401.35784915
cell0020;1800;2019-06-30;60281772.8497315
cell0020;1800;2019-07-01;66781903.0419556
cell0020;1800;2019-07-02;59246444.35360112
cell0020;1800;2019-07-03;52704183.93369142
cell0020;1800;2019-07-04;61405668.2779175
cell0020;1800;2019-07-05;64390880.53872073
cell0020;1800;2019-07-06;60027372.41198733
cell0020;1800;2019-07-07;70834653.4987427
cell0020;1800;2019-07-08;68406449.78569338
cell0020;1800;2019-07-09;66597785.95195312
cell0020;1800;2019-07-10;51304327.71865238
cell0020;1800;2019-07-11;47961474.69686281
cell0020;1800;2019-07-12;45122591.18092044
cell0020;1800;2019-07-13;59460184.58297122
cell0020;1800;2019-07-14;61106656.25832524
cell0020;1800;2019-07-15;58466978.04195558
cell0020;1800;2019-07-16;57326620.53305668
cell0020;1800;2019-07-17;58937409.83193362
cell0020;1800;2019-07-18;53428332.72875979
cell0020;1800;2019-07-19;34988093.66136478
cell0020;1800;2019-07-20;54957021.50650635
cell0020;1800;2019-07-21;61723525.99543457
cell0020;1800;2019-07-22;58479454.90224613
cell0020;1800;2019-07-23;60410857.39838869
cell0020;1800;2019-07-24;55032332.67900395
cell0020;1800;2019-07-25;65338266.42036134
cell0020;1800;2019-07-26;55339850.32191166
cell0020;1800;2019-07-27;66204638.17021488
cell0020;1800;2019-07-28;64550834.62768558
cell0020;1800;2019-07-29;57376322.3902344
cell0020;1800;2019-07-30;67644520.29625249
cell0020;1800;2019-07-31;64578026.87204592
cell0020;1800;2019-08-01;61164605.99335939
cell0020;1800;2019-08-02;65082719.48253176
cell0020;1800;2019-08-03;54995529.0648926
cell0020;1800;2019-08-04;63382944.95415043
cell0020;1800;2019-08-05;50004846.79914553
cell0020;1800;2019-08-06;54057878.69739992
cell0020;1800;2019-08-07;60505790.42249756
cell0020;1800;2019-08-08;53309511.73114018
cell0020;1800;2019-08-09;52658142.36485597
cell0020;1800;2019-08-10;53731899.14599612
cell0020;1800;2019-08-11;55491766.38575442
cell0020;1800;2019-08-12;52271078.80249026
cell0020;1800;2019-08-13;49170091.70764164
cell0020;1800;2019-08-14;53588108.21765139
cell0020;1800;2019-08-15;50115177.39068606
cell0020;1800;2019-08-16;46046358.64390872
cell0020;1800;2019-08-17;54047850.74340823
cell0020;1800;2019-08-18;58238080.95993654
cell0020;1800;2019-08-19;62120718.22366944
cell0020;1800;2019-08-20;57158287.38060305
cell0020;1800;2019-08-21;51788530.31025393
cell0020;1800;2019-08-22;53432614.61859132
cell0020;1800;2019-08-23;54008117.61273195
cell0020;1800;2019-08-24;65020731.26561281
cell0020;1800;2019-08-25;64276503.5251221
cell0020;1800;2019-08-26;56138546.36273198
cell0020;1800;2019-08-27;50613415.40909426
cell0020;1800;2019-08-28;51336223.89655764
cell0020;1800;2019-08-29;57791887.84427492
cell0020;1800;2019-08-30;50936063.18135989
cell0020;1800;2019-08-31;53185103.00289308
cell0020;1800;2019-09-01;62419832.57796635
cell0020;1800;2019-09-02;60834646.00187988
cell0020;1800;2019-09-03;63950792.30750733
cell0020;1800;2019-09-04;60875136.5026978
cell0020;1800;2019-09-05;62194405.65292971
cell0020;1800;2019-09-06;58538869.88566899
cell0020;1800;2019-09-07;63901756.36269532
cell0020;1800;2019-09-08;61684760.05175783
cell0020;1800;2019-09-09;46713176.66051027
cell0020;1800;2019-09-10;53431025.83946536
cell0020;1800;2019-09-11;57362688.01600344
cell0020;1800;2019-09-12;46745719.08963625
cell0020;1800;2019-09-13;44729284.43958744
cell0020;1800;2019-09-14;61805842.99085697
cell0020;1800;2019-09-15;69208395.0504761
cell0020;1800;2019-09-16;55148948.82866215
cell0020;1800;2019-09-17;50308182.25764163
cell0020;1800;2019-09-18;48519300.22921143
cell0020;1800;2019-09-19;54690478.95615238
cell0020;1800;2019-09-20;52761504.97233889
cell0020;1800;2019-09-21;62597426.30224612
cell0020;1800;2019-09-22;61157125.14124758
cell0020;1800;2019-09-23;49358593.58317874
cell0020;1800;2019-09-24;52593888.16357427
cell0020;1800;2019-09-25;58610938.40269779
cell0020;1800;2019-09-26;52045550.56715091
cell0020;1800;2019-09-27;58768178.31546635
cell0020;1800;2019-09-28;65604696.26862797
cell0020;1800;2019-09-29;67896162.75592047
cell0020;1800;2019-09-30;52723003.43420412
cell0020;1800;2019-10-01;60836570.51589358
cell0020;1800;2019-10-02;65436520.69692387
cell0020;1800;2019-10-03;54996894.04331059
cell0020;1800;2019-10-04;46057487.26800539
cell0020;1800;2019-10-05;60691245.61649173
cell0020;1800;2019-10-06;68457027.60739751
cell0020;1800;2019-10-07;65325243.34055179
cell0020;1800;2019-10-08;56049918.48208009
cell0020;1800;2019-10-09;69689206.0733765
cell0020;1800;2019-10-10;55669201.61667483
cell0020;1800;2019-10-11;53561116.14294438
cell0020;1800;2019-10-12;63639025.33781741
cell0020;1800;2019-10-13;61506688.41308597
cell0020;1800;2019-10-14;61876389.37695315
cell0020;1800;2019-10-15;61018033.38229983
cell0020;1800;2019-10-16;63518076.7605469
cell0020;1800;2019-10-17;51762828.16256106
cell0020;1800;2019-10-18;58156628.87996828
cell0020;1800;2019-10-19;62060658.41480716
cell0020;1800;2019-10-20;66655334.04534915
cell0020;1800;2019-10-21;59577145.44356694
cell0020;1800;2019-10-22;67467135.66392827
cell0020;1800;2019-10-23;65786690.44943852
cell0020;1800;2019-10-24;59820919.25679934
cell0020;1800;2019-10-25;61321056.30373538
cell0020;1800;2019-10-26;72786160.1023926
cell0020;1800;2019-10-27;68131414.10213628
cell0020;1800;2019-10-28;69106073.3989136
cell0020;1800;2019-10-29;59834227.62697755
cell0020;1800;2019-10-30;52910108.20317387
cell0020;1800;2019-10-31;56185723.33022466
cell0020;1800;2019-11-01;51210885.08546144
cell0020;1800;2019-11-02;49477394.42701419
cell0020;1800;2019-11-03;48421508.1020264
cell0020;1800;2019-11-04;51313686.56256106
cell0020;1800;2019-11-05;48483470.99375002
cell0020;1800;2019-11-06;55925833.08326419
cell0020;1800;2019-11-07;54814594.60765383
cell0020;1800;2019-11-08;53077061.59501956
cell0020;1800;2019-11-09;64808009.06560062
cell0020;1800;2019-11-10;74394877.35502933
cell0020;1800;2019-11-11;53390565.11196292
cell0020;1800;2019-11-12;47502468.16510013
cell0020;1800;2019-11-13;50170066.70235598
cell0020;1800;2019-11-14;58232238.75467531
cell0020;1800;2019-11-15;63535415.19106448
cell0020;1800;2019-11-16;55654759.1528809
cell0020;1800;2019-11-17;66672527.4292969
cell0020;1800;2019-11-18;54972307.212439
cell0020;1800;2019-11-19;54564902.76739505
cell0020;1800;2019-11-20;74311374.85803226
cell0020;1800;2019-11-21;52107974.69541017
cell0020;1800;2019-11-22;54332642.7657593
cell0020;1800;2019-11-23;62402982.65916752
cell0020;1800;2019-11-24;63011733.99823002
cell0020;1800;2019-11-25;54866531.37580569
cell0020;1800;2019-11-26;59193524.45025636
cell0020;1800;2019-11-27;51656053.13797609
cell0020;1800;2019-11-28;48594068.05784914
cell0020;1800;2019-11-29;49829997.30344241
cell0020;1800;2019-11-30;55138755.08723146
cell0020;1800;2019-12-01;76807319.50093998
cell0020;1800;2019-12-02;63335298.37172855
cell0020;1800;2019-12-03;48680728.42832035
cell0020;1800;2019-12-04;54874672.90527347
cell0020;1800;2019-12-05;57724584.4188965
cell0020;1800;2019-12-06;51986389.82655032
cell0020;1800;2019-12-07;56672950.55421147
cell0020;1800;2019-12-08;53224469.91147465
cell0020;1800;2019-12-09;55918681.38978276
cell0020;1800;2019-12-10;53865389.30579835
cell0020;1800;2019-12-11;50631577.50220951
cell0020;1800;2019-12-12;44556761.27169193
cell0020;1800;2019-12-13;58911551.32080084
cell0020;1800;2019-12-14;64639161.45372318
cell0020;1800;2019-12-15;52956672.59869388
cell0020;1800;2019-12-16;48825458.46335451
cell0020;1800;2019-12-17;60333700.25684817
cell0020;1800;2019-12-18;53752846.95389406
cell0020;1800;2019-12-19;58713549.70057376
cell0020;1800;2019-12-20;57944042.77376711
cell0020;1800;2019-12-21;60760341.59571537
cell0020;1800;2019-12-22;66861532.41342777
cell0020;1800;2019-12-23;39550058.52983402
cell0020;1800;2019-12-24;46398935.55627442
cell0020;1800;2019-12-25;57886511.63864746
cell0020;1800;2019-12-26;44721400.10312504
cell0020;1800;2019-12-27;50919035.07280275
cell0020;1800;2019-12-28;42986212.1551514
cell0020;1800;2019-12-29;52317156.5539429
cell0020;1800;2019-12-30;44167430.22711188
cell0020;1800;2019-12-31;55701753.38898926
cell0020;1800;2020-01-01;60103010.96342779
cell0020;1800;2020-01-02;55091277.73245852
cell0020;1800;2020-01-03;46820056.40264895
cell0020;1800;2020-01-04;51009907.11297609
cell0020;1800;2020-01-05;54069612.14392093
cell0020;1800;2020-01-06;53943588.02893067
cell0020;1800;2020-01-07;8158849.826660164
cell0020;1800;2020-01-08;39757424.89835207
cell0020;1800;2020-01-09;51683091.8553101
cell0020;1800;2020-01-10;50604796.18031011
cell0020;1800;2020-01-11;50975621.25798343
cell0020;1800;2020-01-12;68082380.54121096
cell0020;1800;2020-01-13;47778063.16949465
cell0020;1800;2020-01-14;50473236.25660401
cell0020;1800;2020-01-15;59270384.88454592
cell0020;1800;2020-01-16;53562227.53056643
cell0020;1800;2020-01-17;55455311.33162847
cell0020;1800;2020-01-18;55208962.09206549
cell0020;1800;2020-01-19;69986859.35783696
cell0020;1800;2020-01-20;55003080.23634037
cell0020;1800;2020-01-21;50852659.31846928
cell0020;1800;2020-01-22;51097838.37032475
cell0020;1800;2020-01-23;50689477.56226809
cell0020;1800;2020-01-24;51750929.62015384
cell0020;1800;2020-01-25;59297553.88859865
cell0020;1800;2020-01-26;71458999.6921509
cell0020;1800;2020-01-27;66672939.21322025
cell0020;1800;2020-01-28;72902872.71176761
cell0020;1800;2020-01-29;59216612.88951418
cell0020;1800;2020-01-30;60267917.41364748
cell0020;1800;2020-01-31;55044610.96549072
cell0020;1800;2020-02-01;56554397.17709963
cell0020;1800;2020-02-02;66049261.64724123
cell0020;1800;2020-02-03;52336433.81672366
cell0020;1800;2020-02-04;48548305.74782717
cell0020;1800;2020-02-05;59200573.1458008
cell0020;1800;2020-02-06;59542463.16512455
cell0020;1800;2020-02-07;48701957.82701417
cell0020;1800;2020-02-08;54338087.34824222
cell0020;1800;2020-02-09;63552577.14068607
cell0020;1800;2020-02-10;54404569.91176758
cell0020;1800;2020-02-11;47125356.45373537
cell0020;1800;2020-02-12;49710520.60493167
cell0020;1800;2020-02-13;50226362.13950197
cell0020;1800;2020-02-14;53762768.5607056
cell0020;1800;2020-02-15;67585170.42757569
cell0020;1800;2020-02-16;60128565.74987797
cell0020;1800;2020-02-17;51560315.86951906
cell0020;1800;2020-02-18;48821405.95100099
cell0020;1800;2020-02-19;52162098.63265383
cell0020;1800;2020-02-20;56085415.18427739
cell0020;1800;2020-02-21;53248118.7575928
cell0020;1800;2020-02-22;57346623.31717531
cell0020;1800;2020-02-23;56386842.27366944
cell0020;1800;2020-02-24;54522952.92171633
cell0020;1800;2020-02-25;63480200.8261353
cell0020;1800;2020-02-26;61271064.81772465
cell0020;1800;2020-02-27;50842060.80554202
cell0020;1800;2020-02-28;46242651.6289551
cell0020;1800;2020-02-29;56367453.48469242
cell0020;1800;2020-03-01;59990788.10651857
cell0020;1800;2020-03-02;44668000.35448002
cell0020;1800;2020-03-03;54469077.36387941
cell0020;1800;2020-03-04;63435733.47757571
cell0020;1800;2020-03-05;57712859.23179933
cell0020;1800;2020-03-06;51802188.49246827
cell0020;1800;2020-03-07;62542447.13041992
cell0020;1800;2020-03-08;71015574.34616703
cell0020;1800;2020-03-09;70277748.25534672
cell0020;1800;2020-03-10;98912527.82882082
cell0020;1800;2020-03-11;102870000.7421265
cell0020;1800;2020-03-12;86670647.46075442
cell0020;1800;2020-03-13;89233618.85214843
cell0020;1800;2020-03-14;94072331.07725832
cell0020;1800;2020-03-15;108412599.1634522
cell0020;1800;2020-03-16;87377277.73513189
cell0020;1800;2020-03-17;76633727.62027591
cell0020;1800;2020-03-18;61833916.81279301
cell0020;1800;2020-03-19;59515964.27856448
cell0020;1800;2020-03-20;64532042.11275638
cell0020;1800;2020-03-21;74666879.74355473
cell0020;1800;2020-03-22;85794223.42833254
cell0020;1800;2020-03-23;71243712.32955325
cell0020;1800;2020-03-24;68670064.15295416
cell0020;1800;2020-03-25;60948612.75936284
cell0020;1800;2020-03-26;56396827.59261477
cell0020;1800;2020-03-27;64571196.41553956
cell0020;1800;2020-03-28;65892145.04360353
cell0020;1800;2020-03-29;68545038.67271732
cell0020;1800;2020-03-30;62835039.58210453
cell0020;1800;2020-03-31;54797179.92722169
cell0020;1800;2020-04-01;46909606.46975101
cell0020;1800;2020-04-02;55419461.34575199
cell0020;1800;2020-04-03;49062517.93503421
cell0020;1800;2020-04-04;49942064.32995608
cell0020;1800;2020-04-05;53109735.97276615
cell0020;1800;2020-04-06;55043089.11804201
cell0020;1800;2020-04-07;47703972.56483158
cell0020;1800;2020-04-08;46584124.58323978
cell0020;1800;2020-04-09;48836114.07767335
cell0020;1800;2020-04-10;55267768.12498783
cell0020;1800;2020-04-11;50720440.9079712
cell0020;1800;2020-04-12;52235767.76953127
cell0020;1800;2020-04-13;41371065.5758545
cell0020;1800;2020-04-14;42142621.32142335
cell0020;1800;2020-04-15;55489201.55423586
cell0020;1800;2020-04-16;51132482.31018069
cell0020;1800;2020-04-17;49633036.04509281
cell0020;1800;2020-04-18;57655656.96638186
cell0020;1800;2020-04-19;60659117.65294192
cell0020;1800;2020-04-20;49094719.96477054
cell0020;1800;2020-04-21;53881013.4886597
cell0020;1800;2020-04-22;49205091.79528811
cell0020;1800;2020-04-23;51508603.60722657
cell0020;1800;2020-04-24;51153767.08970949
cell0020;1800;2020-04-25;58404415.21062014
cell0020;1800;2020-04-26;65592770.60219729
cell0020;1800;2020-04-27;50521801.44854738
cell0020;1800;2020-04-28;52887922.64484864
cell0020;1800;2020-04-29;45424389.24530031
cell0020;1800;2020-04-30;59211287.88874517
cell0020;1800;2020-05-01;62115375.93813478
cell0020;1800;2020-05-02;63932541.17978518
cell0020;1800;2020-05-03;66718490.57398683
cell0020;1800;2020-05-04;57095843.00808107
cell0020;1800;2020-05-05;64154457.95876468
cell0020;1800;2020-05-06;56305237.61800541
cell0020;1800;2020-05-07;60064685.69359133
cell0020;1800;2020-05-08;59661424.426709
cell0020;1800;2020-05-09;64034669.10595704
cell0020;1800;2020-05-10;71303438.72628178
cell0020;1800;2020-05-11;60382158.46214603
cell0020;1800;2020-05-12;60284023.53189699
cell0020;1800;2020-05-13;62075606.63541263
cell0020;1800;2020-05-14;65413906.20229495
cell0020;1800;2020-05-15;57468355.4511475
cell0020;1800;2020-05-16;60285615.31849368
cell0020;1800;2020-05-17;56232784.11403811
cell0020;1800;2020-05-18;58950539.52514654
cell0020;1800;2020-05-19;61160105.16955571
cell0020;1800;2020-05-20;57265594.32312015
cell0020;1800;2020-05-21;60832663.98994144
cell0020;1800;2020-05-22;56298829.57153324
cell0020;1800;2020-05-23;79616573.40710452
cell0020;1800;2020-05-24;73097072.60266115
cell0020;1800;2020-05-25;73202504.31154786
cell0020;1800;2020-05-26;58379573.48784182
cell0020;1800;2020-05-27;59409132.16208501
cell0020;1800;2020-05-28;58407927.38686528
cell0020;1800;2020-05-29;55931481.80946048
cell0020;1800;2020-05-30;59645902.30974124
cell0020;1800;2020-05-31;60787464.84764407
cell0020;1800;2020-06-01;57013691.82668459
cell0020;1800;2020-06-02;60154407.84787601
cell0020;1800;2020-06-03;60063268.44123538
cell0020;1800;2020-06-04;60452419.21684573
cell0020;1800;2020-06-05;61252859.93596194
cell0020;1800;2020-06-06;62646707.69816898
cell0020;1800;2020-06-07;67511359.6608399
cell0020;1800;2020-06-08;58375357.72001956
cell0020;1800;2020-06-09;61559157.79007571
cell0020;1800;2020-06-10;64288856.64722903
cell0020;1800;2020-06-11;75030907.72343755
cell0020;1800;2020-06-12;61648288.17006838
cell0020;1800;2020-06-13;53205688.44411623
cell0020;1800;2020-06-14;54483841.87843022
cell0020;1800;2020-06-15;59031190.5806763
cell0020;1800;2020-06-16;61181178.54324954
cell0020;1800;2020-06-17;49428650.37592775
cell0020;1800;2020-06-18;47851343.59362794
cell0020;1800;2020-06-19;73199490.42714846
cell0020;1800;2020-06-20;77544855.79305421
cell0020;1800;2020-06-21;81338197.84573978
cell0020;1800;2020-06-22;73629044.36469734
cell0020;1800;2020-06-23;61598728.77946781
cell0020;1800;2020-06-24;64162862.0902466
cell0020;1800;2020-06-25;65829931.11898196
cell0020;1800;2020-06-26;72498791.64410405
cell0020;1800;2020-06-27;79507262.84018557
cell0020;1800;2020-06-28;75767287.46784669
cell0020;1800;2020-06-29;72779346.422937
cell0020;1800;2020-06-30;71937938.68065187
cell0020;1800;2020-07-01;74041637.05701907
cell0020;1800;2020-07-02;67420069.07352297
cell0020;1800;2020-07-03;74410391.70831302
cell0020;1800;2020-07-04;72085678.46555178
cell0020;1800;2020-07-05;78707646.42415775
cell0020;1800;2020-07-06;69920523.43712161
cell0020;1800;2020-07-07;77896695.36807866
cell0020;1800;2020-07-08;68292880.83581549
cell0020;1800;2020-07-09;76979421.28312989
cell0020;1800;2020-07-10;69659070.32084964
cell0020;1800;2020-07-11;73078831.25028081
cell0020;1800;2020-07-12;89959272.09338382
cell0020;1800;2020-07-13;66429063.86468508
cell0020;1800;2020-07-14;70827267.27087404
cell0020;1800;2020-07-15;69328762.36704102
cell0020;1800;2020-07-16;61731358.94036867
cell0020;1800;2020-07-17;65072505.05583497
cell0020;1800;2020-07-18;77579740.69844976
cell0020;1800;2020-07-19;82031609.78211674
cell0020;1800;2020-07-20;67341198.39077151
cell0020;1800;2020-07-21;64532379.19481204
cell0020;1800;2020-07-22;68676849.6069214
cell0020;1800;2020-07-23;64245997.46356205
cell0020;1800;2020-07-24;58794052.35009769
cell0020;1800;2020-07-25;68863211.94366457
cell0020;1800;2020-07-26;70076642.22199708
cell0020;1800;2020-07-27;59638992.11877445
cell0020;1800;2020-07-28;67211853.66392826
cell0020;1800;2020-07-29;68334198.99603273
